# 3ds Max Wavefront OBJ Exporter v0.99 - (c)2007 guruware
# File Created: 17.03.2025 13:30:32

mtllib cofre.mtl

#
# object cofre
#

v  6.0723 -1.4599 -2.0283
v  6.0420 -1.4825 -2.4388
v  5.7472 -1.4041 -2.4539
v  5.7691 -1.3802 -2.0423
v  6.0120 -1.5081 -2.7984
v  5.7258 -1.4308 -2.8137
v  5.4217 -1.3180 -2.4702
v  5.4363 -1.2932 -2.0573
v  5.4075 -1.3456 -2.8303
v  5.9838 -1.5341 -3.1078
v  5.9589 -1.5581 -3.3677
v  5.6880 -1.4828 -3.3817
v  5.7057 -1.4579 -3.1227
v  5.3825 -1.3989 -3.3969
v  5.3942 -1.3734 -3.1388
v  4.6220 -1.1971 -3.4264
v  4.6254 -1.1711 -3.1715
v  5.0379 -1.2786 -3.1553
v  5.0310 -1.3044 -3.4122
v  4.6294 -1.1425 -2.8651
v  5.0458 -1.2503 -2.8476
v  4.6336 -1.1140 -2.5053
v  4.6379 -1.0880 -2.0901
v  5.0629 -1.1966 -2.0733
v  5.0542 -1.2221 -2.4874
v  6.7561 -1.9556 -4.4347
v  6.6851 -1.9192 -4.3583
v  6.7455 -1.9367 -4.3554
v  6.7238 -1.9464 -4.4367
v  6.6279 -1.9032 -4.3613
v  6.6932 -1.9381 -4.4390
v  6.6406 -1.8863 -4.2566
v  6.7347 -1.9135 -4.2527
v  6.5490 -1.8602 -4.2605
v  6.6664 -1.9319 -4.4412
v  6.5393 -1.8817 -4.3665
v  6.5779 -1.8902 -4.3642
v  6.6457 -1.9286 -4.4431
v  6.3960 -1.8197 -4.2685
v  6.4636 -1.8367 -4.2644
v  5.9924 -1.6554 -4.0325
v  6.3318 -1.7757 -4.1487
v  6.2201 -1.7461 -4.1576
v  6.2219 -1.7210 -4.0222
v  6.4681 -1.8144 -4.1430
v  6.4046 -1.7734 -4.0149
v  6.5710 -1.8214 -4.0087
v  6.7274 -1.8892 -4.1330
v  6.5995 -1.8522 -4.1379
v  6.7274 -1.8666 -4.0030
v  6.8617 -1.9906 -4.4315
v  6.9077 -1.9855 -4.3495
v  6.9439 -1.9986 -4.3484
v  6.8425 -1.9824 -4.4317
v  6.8602 -1.9704 -4.3510
v  6.8173 -1.9738 -4.4323
v  6.9943 -1.9891 -4.2336
v  7.0560 -2.0084 -4.2242
v  6.9149 -1.9659 -4.2434
v  6.7879 -1.9648 -4.4332
v  6.8050 -1.9539 -4.3530
v  6.8272 -1.9404 -4.2490
v  6.8529 -1.9255 -4.1282
v  6.8803 -1.9108 -3.9973
v  6.9765 -1.9603 -4.1143
v  7.0341 -1.9528 -3.9745
v  7.1932 -1.9915 -3.9176
v  7.1963 -2.0184 -4.0495
v  7.0988 -1.9924 -4.0822
v  7.3808 -2.0276 -3.7839
v  7.4619 -1.9630 -3.2120
v  7.3594 -1.9415 -3.2642
v  7.4473 -1.9331 -3.0279
v  7.5599 -1.9655 -3.0348
v  7.2107 -1.9051 -3.3046
v  7.2929 -1.8924 -3.0458
v  7.5581 -1.9263 -2.7335
v  7.6875 -1.9639 -2.7473
v  7.3902 -1.8802 -2.7355
v  7.0370 -1.8584 -3.3227
v  6.8464 -1.8053 -3.3299
v  6.9094 -1.7879 -3.0655
v  7.1104 -1.8430 -3.0571
v  6.9809 -1.7696 -2.7520
v  7.1946 -1.8272 -2.7424
v  7.1275 -1.7373 -1.9816
v  7.3661 -1.8000 -1.9712
v  7.2822 -1.8125 -2.3799
v  7.0555 -1.7522 -2.3904
v  7.5874 -1.8583 -1.9629
v  7.4914 -1.8684 -2.3730
v  7.7811 -1.9098 -1.9584
v  7.9374 -1.9520 -1.9596
v  7.8175 -1.9585 -2.3820
v  7.6732 -1.9179 -2.3726
v  7.1916 -1.7268 -1.5266
v  7.4389 -1.7912 -1.5176
v  7.2432 -1.7200 -1.0370
v  7.4963 -1.7856 -1.0305
v  7.6686 -1.8511 -1.5098
v  7.7314 -1.8465 -1.0245
v  7.2777 -1.7164 -0.5243
v  7.2907 -1.7154 -0.0000
v  7.5482 -1.7819 -0.0000
v  7.5342 -1.7827 -0.5208
v  7.7868 -1.8434 -0.0000
v  7.7720 -1.8441 -0.5176
v  8.1678 -1.9417 -0.0000
v  8.1520 -1.9422 -0.5125
v  7.9813 -1.8981 -0.5148
v  7.9967 -1.8975 -0.0000
v  8.1068 -1.9440 -1.0158
v  7.9382 -1.9002 -1.0194
v  8.0345 -1.9472 -1.5012
v  7.8705 -1.9040 -1.5040
v  4.6142 -1.2591 -3.9925
v  4.1406 -1.1460 -4.0424
v  4.1409 -1.1368 -3.9944
v  4.6135 -1.2684 -4.0417
v  4.1405 -1.1541 -4.0664
v  4.6132 -1.2764 -4.0663
v  3.6125 -1.0132 -4.0391
v  3.6126 -1.0040 -3.9925
v  3.6125 -1.0212 -4.0624
v  4.6130 -1.2836 -4.0745
v  4.1404 -1.1681 -4.0744
v  4.1404 -1.1613 -4.0744
v  4.6130 -1.2904 -4.0745
v  3.6125 -1.0351 -4.0702
v  3.6125 -1.0283 -4.0702
v  2.4592 -0.7563 -4.0537
v  3.0463 -0.8895 -4.0630
v  3.0463 -0.8963 -4.0630
v  2.4592 -0.7495 -4.0537
v  3.0463 -0.8824 -4.0555
v  2.4593 -0.7423 -4.0465
v  2.4593 -0.7344 -4.0247
v  3.0463 -0.8653 -3.9878
v  3.0463 -0.8744 -4.0329
v  2.4592 -0.7254 -3.9812
v  1.8684 -0.5978 -4.0154
v  1.8683 -0.5889 -3.9735
v  1.8684 -0.6057 -4.0364
v  1.3090 -0.4713 -4.0060
v  1.3088 -0.4625 -3.9655
v  1.3090 -0.4791 -4.0262
v  1.8683 -0.6196 -4.0434
v  1.8684 -0.6128 -4.0434
v  1.3088 -0.4930 -4.0329
v  1.3089 -0.4862 -4.0329
v  0.4243 -0.2968 -4.0155
v  0.8159 -0.3764 -4.0233
v  0.8157 -0.3832 -4.0233
v  0.4245 -0.2901 -4.0155
v  0.8160 -0.3693 -4.0168
v  0.4246 -0.2830 -4.0092
v  0.4246 -0.2753 -3.9902
v  0.8158 -0.3529 -3.9581
v  0.8160 -0.3616 -3.9972
v  0.4244 -0.2667 -3.9521
v  -0.0847 -0.1578 -3.9444
v  -0.1032 -0.1637 -3.9805
v  -0.1032 -0.1569 -3.9437
v  -0.0846 -0.1654 -3.9809
v  -0.1032 -0.1694 -3.9988
v  -0.0846 -0.1721 -3.9992
v  -0.1125 -0.1651 -3.9801
v  -0.1125 -0.1592 -3.9431
v  -0.1101 -0.1689 -3.9939
v  -0.0847 -0.1784 -4.0053
v  -0.1032 -0.1802 -4.0050
v  -0.1032 -0.1749 -4.0050
v  -0.0847 -0.1844 -4.0053
v  -0.1125 -0.1773 -3.9985
v  -0.1125 -0.1724 -3.9985
v  -0.1156 -0.1698 -3.9418
v  -0.1156 -0.1690 -3.9798
v  -0.1156 -0.1743 -3.9795
v  -0.1156 -0.1639 -3.9424
v  5.6636 -1.5634 -4.0483
v  5.6752 -1.5555 -3.9929
v  5.9310 -1.6506 -4.0894
v  5.6492 -1.5683 -4.0741
v  5.9079 -1.6529 -4.1124
v  5.3586 -1.4724 -4.0351
v  5.3629 -1.4634 -3.9833
v  5.3543 -1.4796 -4.0606
v  5.9002 -1.6581 -4.1201
v  5.6444 -1.5812 -4.0827
v  5.6444 -1.5744 -4.0827
v  5.9002 -1.6649 -4.1201
v  5.3528 -1.4934 -4.0690
v  5.3528 -1.4866 -4.0690
v  5.0131 -1.3909 -4.0695
v  5.0131 -1.3976 -4.0695
v  5.0133 -1.3836 -4.0611
v  5.0154 -1.3663 -3.9860
v  5.0140 -1.3756 -4.0361
v  6.5162 -1.8793 -4.3679
v  6.6333 -1.9293 -4.4443
v  6.5047 -1.8814 -4.3687
v  6.6272 -1.9331 -4.4450
v  6.3579 -1.8134 -4.2735
v  6.3403 -1.8143 -4.2776
v  6.6252 -1.9388 -4.4454
v  6.5009 -1.8933 -4.3694
v  6.5009 -1.8866 -4.3692
v  6.6252 -1.9455 -4.4457
v  6.3345 -1.8259 -4.2792
v  6.3345 -1.8192 -4.2790
v  6.1322 -1.7414 -4.1907
v  6.1323 -1.7481 -4.1909
v  6.1398 -1.7365 -4.1862
v  6.1626 -1.7356 -4.1726
v  6.7584 -2.0013 -4.5275
v  6.7600 -1.9954 -4.5282
v  6.7599 -2.0019 -4.5284
v  6.7586 -1.9947 -4.5273
v  6.7603 -1.9892 -4.5280
v  6.7589 -1.9886 -4.5271
v  6.7609 -1.9957 -4.5286
v  6.7607 -2.0023 -4.5288
v  6.7612 -1.9896 -4.5285
v  6.7594 -1.9833 -4.5268
v  6.7617 -1.9800 -4.5274
v  6.7609 -1.9839 -4.5278
v  6.7604 -1.9794 -4.5263
v  6.7625 -1.9806 -4.5279
v  6.7617 -1.9844 -4.5283
v  6.7633 -1.9829 -4.5280
v  6.7623 -1.9851 -4.5283
v  6.7630 -1.9816 -4.5281
v  6.7629 -1.9856 -4.5281
v  6.7618 -1.9899 -4.5285
v  6.7625 -1.9901 -4.5283
v  6.7623 -1.9960 -4.5284
v  6.7613 -2.0024 -4.5288
v  6.7616 -1.9959 -4.5287
v  6.7621 -2.0026 -4.5285
v  6.7631 -1.9777 -4.5269
v  6.7619 -1.9772 -4.5256
v  6.7646 -1.9768 -4.5262
v  6.7638 -1.9763 -4.5249
v  6.7637 -1.9784 -4.5275
v  6.7651 -1.9775 -4.5269
v  6.7658 -1.9763 -4.5241
v  6.7678 -1.9771 -4.5250
v  6.7663 -1.9768 -4.5256
v  6.7676 -1.9767 -4.5235
v  6.7678 -1.9777 -4.5259
v  6.7665 -1.9774 -4.5264
v  6.7679 -1.9815 -4.5262
v  6.7666 -1.9787 -4.5267
v  6.7679 -1.9790 -4.5262
v  6.7666 -1.9812 -4.5267
v  6.7653 -1.9788 -4.5272
v  6.7653 -1.9812 -4.5273
v  6.7641 -1.9819 -4.5277
v  6.7640 -1.9797 -4.5277
v  6.7689 -1.9773 -4.5247
v  6.7692 -1.9771 -4.5231
v  6.7697 -1.9779 -4.5244
v  6.7704 -1.9778 -4.5229
v  6.7687 -1.9778 -4.5255
v  6.7693 -1.9783 -4.5251
v  6.7713 -1.9793 -4.5228
v  6.7706 -1.9819 -4.5243
v  6.7703 -1.9793 -4.5243
v  6.7720 -1.9820 -4.5228
v  6.7696 -1.9818 -4.5252
v  6.7695 -1.9792 -4.5252
v  6.7688 -1.9791 -4.5257
v  6.7688 -1.9816 -4.5257
v  6.7708 -1.9860 -4.5243
v  6.7723 -1.9862 -4.5228
v  6.7708 -1.9914 -4.5243
v  6.7724 -1.9916 -4.5229
v  6.7697 -1.9859 -4.5252
v  6.7698 -1.9913 -4.5252
v  6.7724 -1.9978 -4.5229
v  6.7708 -2.0042 -4.5243
v  6.7708 -1.9976 -4.5243
v  6.7724 -2.0044 -4.5230
v  6.7698 -2.0041 -4.5252
v  6.7698 -1.9975 -4.5252
v  6.7678 -2.0038 -4.5263
v  6.7689 -1.9973 -4.5257
v  6.7688 -2.0039 -4.5257
v  6.7679 -1.9972 -4.5262
v  6.7689 -1.9912 -4.5257
v  6.7679 -1.9910 -4.5262
v  6.7679 -1.9856 -4.5262
v  6.7689 -1.9858 -4.5257
v  6.7013 -1.9707 -4.4922
v  6.7013 -1.9774 -4.4924
v  6.7022 -1.9647 -4.4918
v  6.7410 -1.9874 -4.5165
v  6.7410 -1.9940 -4.5168
v  6.7414 -1.9812 -4.5162
v  6.7110 -1.9574 -4.4902
v  6.7051 -1.9600 -4.4912
v  6.7451 -1.9725 -4.5149
v  6.7427 -1.9761 -4.5157
v  6.7571 -1.9823 -4.5252
v  6.7582 -1.9783 -4.5246
v  6.7564 -1.9875 -4.5256
v  6.7561 -2.0004 -4.5260
v  6.7562 -1.9937 -4.5259
v  6.7207 -1.9575 -4.4887
v  6.7332 -1.9596 -4.4869
v  6.7491 -1.9710 -4.5137
v  6.7542 -1.9710 -4.5124
v  6.7626 -1.9673 -4.4838
v  6.7475 -1.9631 -4.4852
v  6.7660 -1.9736 -4.5102
v  6.7600 -1.9720 -4.5111
v  6.7649 -1.9756 -4.5217
v  6.7674 -1.9761 -4.5209
v  6.7624 -1.9754 -4.5227
v  6.7600 -1.9762 -4.5237
v  6.7773 -1.9715 -4.4830
v  6.7909 -1.9759 -4.4826
v  6.7718 -1.9752 -4.5096
v  6.7769 -1.9771 -4.5095
v  6.8112 -1.9857 -4.4827
v  6.8024 -1.9806 -4.4826
v  6.7845 -1.9831 -4.5098
v  6.7813 -1.9797 -4.5096
v  6.7730 -1.9793 -4.5204
v  6.7740 -1.9822 -4.5206
v  6.7715 -1.9776 -4.5204
v  6.7696 -1.9767 -4.5205
v  6.8163 -1.9914 -4.4829
v  6.8731 -1.9981 -4.4315
v  6.8187 -1.9975 -4.4831
v  6.8787 -2.0052 -4.4316
v  6.7864 -1.9879 -4.5100
v  6.7872 -1.9935 -4.5102
v  6.8803 -2.0119 -4.4318
v  6.8190 -2.0105 -4.4836
v  6.8193 -2.0040 -4.4833
v  6.8799 -2.0185 -4.4321
v  6.7870 -2.0063 -4.5106
v  6.7873 -1.9998 -4.5104
v  6.7748 -1.9981 -4.5210
v  6.7746 -2.0047 -4.5211
v  6.7748 -1.9919 -4.5208
v  6.7746 -1.9865 -4.5207
v  0.8155 -0.3429 -3.8929
v  0.4240 -0.2568 -3.8887
v  0.8152 -0.3305 -3.7951
v  0.4237 -0.2445 -3.7931
v  1.3086 -0.4523 -3.8981
v  1.3084 -0.4398 -3.7976
v  0.4237 -0.2287 -3.6585
v  0.8157 -0.2939 -3.4757
v  0.8152 -0.3145 -3.6582
v  0.4243 -0.2082 -3.4779
v  1.3088 -0.4030 -3.4727
v  1.3084 -0.4237 -3.6578
v  2.4592 -0.6647 -3.4637
v  1.8680 -0.5496 -3.6569
v  1.8683 -0.5288 -3.4688
v  2.4591 -0.6856 -3.6552
v  1.8680 -0.5658 -3.7999
v  2.4591 -0.7020 -3.8018
v  2.4591 -0.7149 -3.9086
v  1.8682 -0.5786 -3.9035
v  3.0462 -0.8251 -3.6523
v  3.0463 -0.8041 -3.4570
v  3.6130 -0.9634 -3.6477
v  3.6134 -0.9423 -3.4487
v  3.0462 -0.8416 -3.8025
v  3.6128 -0.9800 -3.8015
v  4.1440 -1.0749 -3.4386
v  4.6192 -1.2181 -3.6318
v  4.1429 -1.0959 -3.6410
v  4.6170 -1.2348 -3.7918
v  4.1420 -1.1126 -3.7982
v  4.1413 -1.1260 -3.9145
v  4.6153 -1.2482 -3.9106
v  3.6127 -0.9933 -3.9149
v  3.0463 -0.8547 -3.9127
v  5.0254 -1.3253 -3.6197
v  5.3730 -1.4195 -3.6059
v  5.0210 -1.3420 -3.7818
v  5.3667 -1.4366 -3.7706
v  5.9385 -1.5776 -3.5788
v  5.6736 -1.5029 -3.5919
v  5.9301 -1.5966 -3.7514
v  5.6668 -1.5211 -3.7607
v  5.6718 -1.5400 -3.8957
v  5.9409 -1.6191 -3.8959
v  5.3645 -1.4513 -3.8958
v  5.0177 -1.3554 -3.9026
v  6.1794 -1.6455 -3.5680
v  6.2066 -1.6270 -3.3560
v  6.4002 -1.7078 -3.5590
v  6.4347 -1.6906 -3.3461
v  6.1658 -1.6639 -3.7423
v  6.3794 -1.7247 -3.7339
v  6.6468 -1.7496 -3.3376
v  6.7974 -1.8200 -3.5443
v  6.6048 -1.7656 -3.5512
v  6.7617 -1.8338 -3.7202
v  6.5764 -1.7809 -3.7267
v  6.5642 -1.7986 -3.8754
v  6.7386 -1.8488 -3.8693
v  6.3780 -1.7451 -3.8822
v  6.1733 -1.6864 -3.8902
v  7.3130 -1.9546 -3.4505
v  7.4643 -1.9793 -3.3219
v  7.2843 -1.9694 -3.6092
v  7.4565 -1.9967 -3.4558
v  7.1548 -1.9182 -3.5126
v  7.1139 -1.9310 -3.6845
v  7.4329 -2.0120 -3.5985
v  7.2497 -1.9828 -3.7624
v  7.0768 -1.9428 -3.8348
v  6.9079 -1.8975 -3.8631
v  6.9403 -1.8848 -3.7138
v  6.9818 -1.8721 -3.5377
v  8.1505 -1.9782 -1.5023
v  8.0459 -1.9823 -1.9682
v  8.2271 -1.9753 -1.0141
v  8.2277 -1.9996 -1.5059
v  8.1163 -2.0035 -1.9810
v  8.3081 -1.9969 -1.0135
v  8.2903 -1.9733 -0.0000
v  8.2741 -1.9738 -0.5108
v  8.3732 -1.9951 -0.0000
v  8.3567 -1.9955 -0.5097
v  8.4565 -2.0203 -0.0000
v  8.4089 -2.0102 -0.5090
v  8.4255 -2.0098 -0.0000
v  8.4397 -2.0207 -0.5085
v  8.3589 -2.0116 -1.0138
v  8.3887 -2.0220 -1.0144
v  8.3029 -2.0245 -1.5149
v  8.1583 -2.0180 -1.9951
v  8.2754 -2.0141 -1.5106
v  8.1815 -2.0284 -2.0074
v  7.6323 -2.0249 -3.2957
v  7.6260 -2.0376 -3.3769
v  7.6353 -2.0095 -3.1923
v  7.8299 -2.0269 -2.9016
v  7.8366 -2.0381 -2.9494
v  7.8112 -2.0121 -2.8432
v  7.6168 -1.9903 -3.0974
v  7.7678 -1.9918 -2.7878
v  7.9146 -1.9880 -2.4040
v  7.9745 -2.0089 -2.4331
v  8.0239 -2.0340 -2.4892
v  8.0076 -2.0234 -2.4634
v  0.1691 -0.1730 -3.6589
v  0.1697 -0.1525 -3.4797
v  0.1691 -0.1887 -3.7921
v  0.0203 -0.1408 -3.6594
v  0.0207 -0.1203 -3.4809
v  0.0203 -0.1564 -3.7916
v  0.1698 -0.2106 -3.9483
v  0.1694 -0.2008 -3.8862
v  0.0208 -0.1781 -3.9461
v  0.0205 -0.1685 -3.8847
v  -0.0539 -0.1533 -3.8840
v  -0.0537 -0.1627 -3.9450
v  -0.0847 -0.1487 -3.8834
v  -0.0540 -0.1414 -3.7912
v  -0.0848 -0.1370 -3.7907
v  -0.0848 -0.1214 -3.6590
v  -0.0537 -0.1053 -3.4814
v  -0.0540 -0.1258 -3.6595
v  -0.0847 -0.1009 -3.4811
v  0.1699 -0.2192 -3.9856
v  0.1699 -0.2268 -4.0042
v  0.0209 -0.1865 -3.9829
v  0.0209 -0.1941 -4.0013
v  0.1697 -0.2407 -4.0104
v  0.1698 -0.2339 -4.0104
v  0.0207 -0.2078 -4.0074
v  0.0208 -0.2011 -4.0075
v  -0.0537 -0.1848 -4.0059
v  -0.0537 -0.1913 -4.0059
v  -0.0536 -0.1781 -3.9998
v  -0.0536 -0.1708 -3.9816
v  0.1710 -0.1261 -3.2472
v  0.4258 -0.1819 -3.2445
v  0.0217 -0.0938 -3.2489
v  0.1728 -0.0968 -2.9573
v  0.4278 -0.1527 -2.9543
v  0.0231 -0.0644 -2.9593
v  -0.0844 -0.0743 -3.2495
v  -0.0531 -0.0787 -3.2497
v  -0.0840 -0.0446 -2.9602
v  -0.0522 -0.0491 -2.9602
v  -0.0837 0.0109 -2.1922
v  -0.0514 -0.0198 -2.6090
v  -0.0837 -0.0151 -2.6091
v  -0.0509 0.0062 -2.1920
v  0.0245 -0.0352 -2.6080
v  0.0257 -0.0092 -2.1911
v  0.1766 -0.0419 -2.1893
v  0.4300 -0.1237 -2.6029
v  0.1748 -0.0677 -2.6061
v  0.4322 -0.0979 -2.1864
v  -0.1031 -0.0741 -3.2483
v  -0.1032 -0.1008 -3.4797
v  -0.1125 -0.0772 -3.2464
v  -0.1125 -0.1039 -3.4776
v  -0.1030 -0.0444 -2.9594
v  -0.1125 -0.0475 -2.9580
v  -0.1156 -0.1091 -3.4750
v  -0.1156 -0.0887 -3.2415
v  -0.1156 -0.0824 -3.2441
v  -0.1156 -0.1154 -3.4721
v  -0.1156 -0.0591 -2.9541
v  -0.1157 -0.0528 -2.9561
v  -0.1156 -0.0033 -2.1905
v  -0.1158 -0.0233 -2.6067
v  -0.1156 -0.0296 -2.6054
v  -0.1160 0.0030 -2.1912
v  -0.1126 -0.0180 -2.6078
v  -0.1130 0.0082 -2.1917
v  -0.1033 0.0112 -2.1921
v  -0.1031 -0.0149 -2.6087
v  8.4582 -2.0295 -0.5083
v  8.4750 -2.0292 -0.0000
v  8.4674 -2.0373 -0.5082
v  8.4843 -2.0370 -0.0000
v  8.4066 -2.0309 -1.0147
v  8.4155 -2.0386 -1.0149
v  8.4874 -2.0440 -0.0000
v  8.4705 -2.0509 -0.5081
v  8.4705 -2.0443 -0.5081
v  8.4874 -2.0505 -0.0000
v  8.4185 -2.0522 -1.0150
v  8.4185 -2.0456 -1.0150
v  8.2046 -2.0587 -2.0196
v  8.3303 -2.0481 -1.5192
v  8.3303 -2.0547 -1.5192
v  8.2046 -2.0521 -2.0196
v  8.3276 -2.0411 -1.5188
v  8.2023 -2.0451 -2.0184
v  8.1954 -2.0373 -2.0148
v  8.3194 -2.0334 -1.5175
v  4.6497 -1.0390 -0.0000
v  5.0844 -1.1520 -0.5531
v  4.6487 -1.0422 -0.5583
v  5.0865 -1.1488 -0.0000
v  5.4720 -1.2506 -0.5482
v  5.4755 -1.2477 -0.0000
v  5.0790 -1.1612 -1.0922
v  4.6460 -1.0518 -1.1024
v  5.4631 -1.2593 -1.0828
v  5.8267 -1.3378 -0.0000
v  6.1435 -1.4236 -0.5393
v  5.8216 -1.3405 -0.5436
v  6.1503 -1.4213 -0.0000
v  6.1261 -1.4306 -1.0657
v  5.8087 -1.3484 -1.0739
v  5.7904 -1.3616 -1.5779
v  6.1014 -1.4427 -1.5664
v  5.4507 -1.2735 -1.5903
v  4.6423 -1.0671 -1.6177
v  5.0715 -1.1762 -1.6036
v  -0.0856 0.0540 -0.0000
v  -0.0513 0.0492 -0.0000
v  -0.0512 0.0468 -0.5917
v  -0.0854 0.0516 -0.5918
v  0.0272 0.0339 -0.0000
v  0.0272 0.0314 -0.5914
v  -0.0509 0.0391 -1.1659
v  -0.0848 0.0439 -1.1661
v  0.0270 0.0237 -1.1653
v  0.1798 0.0015 -0.0000
v  0.4366 -0.0544 -0.0000
v  0.4363 -0.0569 -0.5900
v  0.1797 -0.0010 -0.5909
v  0.4354 -0.0648 -1.1626
v  0.1791 -0.0088 -1.1643
v  0.1780 -0.0223 -1.7029
v  0.4340 -0.0784 -1.7005
v  0.0265 0.0102 -1.7044
v  -0.0842 0.0305 -1.7054
v  -0.0508 0.0257 -1.7051
# 585 vertices

vn 0.2565 0.9647 -0.0602
vn 0.2610 0.9620 -0.0798
vn 0.2593 0.9626 -0.0783
vn 0.2557 0.9649 -0.0593
vn 0.2651 0.9594 -0.0962
vn 0.2630 0.9602 -0.0942
vn 0.2567 0.9635 -0.0756
vn 0.2537 0.9656 -0.0572
vn 0.2598 0.9614 -0.0909
vn 0.2690 0.9570 -0.1084
vn 0.2721 0.9554 -0.1149
vn 0.2700 0.9564 -0.1112
vn 0.2667 0.9580 -0.1058
vn 0.2653 0.9582 -0.1073
vn 0.2627 0.9594 -0.1022
vn 0.2534 0.9620 -0.1021
vn 0.2542 0.9622 -0.0977
vn 0.2573 0.9612 -0.0993
vn 0.2591 0.9602 -0.1041
vn 0.2527 0.9637 -0.0868
vn 0.2554 0.9628 -0.0882
vn 0.2508 0.9654 -0.0719
vn 0.2492 0.9669 -0.0542
vn 0.2508 0.9665 -0.0553
vn 0.2531 0.9647 -0.0732
vn 0.2805 0.9414 -0.1873
vn 0.2774 0.9424 -0.1869
vn 0.2807 0.9418 -0.1849
vn 0.2746 0.9423 -0.1913
vn 0.2664 0.9433 -0.1979
vn 0.2544 0.9437 -0.2113
vn 0.2787 0.9435 -0.1795
vn 0.2805 0.9431 -0.1788
vn 0.2729 0.9440 -0.1854
vn 0.2088 0.9400 -0.2699
vn 0.1730 0.9275 -0.3314
vn 0.2412 0.9423 -0.2319
vn 0.0910 0.9000 -0.4263
vn 0.2234 0.9373 -0.2675
vn 0.2598 0.9435 -0.2056
vn 0.2728 0.9459 -0.1759
vn 0.2712 0.9450 -0.1826
vn 0.2527 0.9411 -0.2245
vn 0.2780 0.9477 -0.1571
vn 0.2771 0.9454 -0.1716
vn 0.2785 0.9478 -0.1555
vn 0.2791 0.9475 -0.1558
vn 0.2801 0.9448 -0.1697
vn 0.2793 0.9451 -0.1694
vn 0.2792 0.9473 -0.1572
vn 0.4309 0.8317 -0.3500
vn 0.3206 0.9217 -0.2184
vn 0.3346 0.9143 -0.2283
vn 0.3510 0.9028 -0.2483
vn 0.2959 0.9353 -0.1939
vn 0.3080 0.9293 -0.2037
vn 0.3093 0.9298 -0.1997
vn 0.3196 0.9252 -0.2045
vn 0.2914 0.9386 -0.1846
vn 0.2873 0.9390 -0.1893
vn 0.2843 0.9405 -0.1860
vn 0.2831 0.9421 -0.1797
vn 0.2823 0.9440 -0.1709
vn 0.2810 0.9464 -0.1593
vn 0.2889 0.9413 -0.1746
vn 0.2858 0.9444 -0.1627
vn 0.2979 0.9393 -0.1704
vn 0.3113 0.9319 -0.1861
vn 0.3035 0.9347 -0.1850
vn 0.3002 0.9394 -0.1655
vn 0.2689 0.9537 -0.1347
vn 0.2689 0.9539 -0.1334
vn 0.2665 0.9554 -0.1274
vn 0.2698 0.9543 -0.1288
vn 0.2696 0.9540 -0.1315
vn 0.2664 0.9556 -0.1262
vn 0.2649 0.9575 -0.1139
vn 0.2691 0.9560 -0.1165
vn 0.2635 0.9581 -0.1123
vn 0.2703 0.9541 -0.1292
vn 0.2706 0.9542 -0.1272
vn 0.2679 0.9555 -0.1234
vn 0.2669 0.9557 -0.1242
vn 0.2642 0.9581 -0.1105
vn 0.2634 0.9583 -0.1105
vn 0.2566 0.9639 -0.0717
vn 0.2566 0.9639 -0.0715
vn 0.2600 0.9612 -0.0924
vn 0.2604 0.9610 -0.0926
vn 0.2573 0.9636 -0.0733
vn 0.2607 0.9608 -0.0942
vn 0.2585 0.9631 -0.0753
vn 0.2611 0.9622 -0.0779
vn 0.2662 0.9588 -0.0992
vn 0.2625 0.9601 -0.0964
vn 0.2533 0.9661 -0.0502
vn 0.2537 0.9660 -0.0502
vn 0.2513 0.9674 -0.0325
vn 0.2515 0.9673 -0.0325
vn 0.2540 0.9658 -0.0514
vn 0.2517 0.9672 -0.0333
vn 0.2502 0.9681 -0.0162
vn 0.2499 0.9683 -0.0081
vn 0.2499 0.9682 -0.0082
vn 0.2503 0.9680 -0.0162
vn 0.2498 0.9683 -0.0083
vn 0.2503 0.9680 -0.0165
vn 0.2498 0.9683 -0.0087
vn 0.2503 0.9680 -0.0172
vn 0.2503 0.9680 -0.0169
vn 0.2498 0.9683 -0.0085
vn 0.2523 0.9670 -0.0349
vn 0.2519 0.9672 -0.0341
vn 0.2562 0.9651 -0.0543
vn 0.2547 0.9656 -0.0527
vn 0.2524 0.9548 -0.1571
vn 0.2389 0.9389 -0.2476
vn 0.2439 0.9568 -0.1583
vn 0.2484 0.9373 -0.2444
vn 0.2133 0.8431 -0.4937
vn 0.2252 0.8439 -0.4870
vn 0.2311 0.9395 -0.2529
vn 0.2368 0.9582 -0.1608
vn 0.2035 0.8395 -0.5038
vn 0.1120 0.4045 -0.9077
vn -0.0034 0.0000 -1.0000
vn 0.0989 0.4017 -0.9104
vn 0.0072 0.0000 -1.0000
vn -0.0099 0.0000 -1.0000
vn 0.0891 0.3960 -0.9139
vn -0.0165 0.0001 -0.9999
vn 0.0814 0.3901 -0.9172
vn -0.0140 0.0000 -0.9999
vn 0.0748 0.3827 -0.9208
vn 0.1948 0.8353 -0.5142
vn 0.1864 0.8299 -0.5258
vn 0.2166 0.9394 -0.2659
vn 0.2301 0.9592 -0.1643
vn 0.2239 0.9395 -0.2592
vn 0.2231 0.9601 -0.1684
vn 0.2102 0.9386 -0.2735
vn 0.2172 0.9608 -0.1723
vn 0.1789 0.8238 -0.5379
vn 0.2055 0.9375 -0.2807
vn 0.2129 0.9611 -0.1762
vn 0.1732 0.8170 -0.5500
vn -0.0179 0.0002 -0.9998
vn 0.0693 0.3751 -0.9244
vn -0.0190 0.0003 -0.9998
vn 0.0648 0.3669 -0.9280
vn -0.0199 0.0004 -0.9998
vn 0.0616 0.3600 -0.9309
vn -0.0203 -0.0028 -0.9998
vn 0.0596 0.3544 -0.9332
vn 0.1691 0.8116 -0.5592
vn 0.1666 0.8056 -0.5686
vn 0.2008 0.9349 -0.2927
vn 0.2100 0.9611 -0.1795
vn 0.2022 0.9362 -0.2874
vn 0.2088 0.9608 -0.1825
vn 0.1166 0.9769 -0.1791
vn -0.0373 0.9696 -0.2417
vn -0.1009 0.9804 -0.1693
vn 0.1260 0.9554 -0.2671
vn -0.0632 0.8607 -0.5052
vn 0.1328 0.8338 -0.5358
vn -0.5141 0.8287 -0.2215
vn -0.5828 0.8027 -0.1266
vn -0.3873 0.8618 -0.3275
vn 0.0536 0.3746 -0.9256
vn -0.2659 0.0011 -0.9640
vn -0.2182 0.3788 -0.8994
vn -0.0198 0.0001 -0.9998
vn -0.8177 -0.0056 -0.5756
vn -0.7296 0.4116 -0.5461
vn -1.0000 0.0000 -0.0000
vn -0.9366 0.3217 -0.1387
vn -0.9963 -0.0038 -0.0857
vn -0.9563 0.2890 -0.0450
vn 0.2645 0.9309 -0.2521
vn 0.2758 0.9467 -0.1661
vn 0.2519 0.9305 -0.2658
vn 0.2195 0.8506 -0.4778
vn 0.1795 0.8561 -0.4846
vn 0.2650 0.9325 -0.2453
vn 0.2706 0.9492 -0.1606
vn 0.2353 0.8452 -0.4798
vn -0.0407 0.4341 -0.8999
vn -0.1045 0.0029 -0.9945
vn 0.0534 0.4266 -0.9029
vn -0.2320 0.0056 -0.9727
vn -0.0271 -0.0001 -0.9996
vn 0.1022 0.4135 -0.9048
vn 0.1192 0.4087 -0.9049
vn 0.0059 0.0000 -1.0000
vn 0.2354 0.8446 -0.4809
vn 0.2620 0.9521 -0.1576
vn 0.2583 0.9350 -0.2430
vn 0.0156 0.8399 -0.5426
vn -0.1283 0.7273 -0.6742
vn -0.2347 0.5561 -0.7973
vn -0.3564 0.4030 -0.8429
vn 0.1361 0.8997 -0.4146
vn -0.0691 0.7101 -0.7007
vn -0.4827 0.1226 -0.8672
vn -0.4975 0.0250 -0.8671
vn -0.4311 0.1823 -0.8837
vn -0.5146 0.0274 -0.8570
vn -0.4416 0.0176 -0.8970
vn -0.3261 0.2718 -0.9054
vn -0.1794 0.3883 -0.9039
vn -0.3536 0.0140 -0.9353
vn 0.0926 0.8254 -0.5569
vn 0.2137 0.9230 -0.3200
vn -0.5106 0.0326 -0.8592
vn -0.4682 0.0404 -0.8827
vn -0.4551 0.0297 -0.8900
vn -0.5122 0.0426 -0.8578
vn -0.4643 0.0673 -0.8831
vn -0.5081 0.0768 -0.8579
vn -0.2294 0.0294 -0.9729
vn -0.1924 0.0227 -0.9811
vn -0.2566 0.0520 -0.9651
vn -0.5086 0.1638 -0.8453
vn -0.4400 0.3166 -0.8403
vn -0.4719 0.1397 -0.8705
vn -0.4727 0.3738 -0.7980
vn -0.2021 0.2122 -0.9561
vn -0.2562 0.1012 -0.9613
vn 0.3089 0.0144 -0.9510
vn 0.1092 0.0398 -0.9932
vn 0.1268 0.0716 -0.9893
vn 0.3065 0.0130 -0.9518
vn 0.1198 0.0227 -0.9925
vn 0.3266 0.0051 -0.9452
vn 0.3336 0.0042 -0.9427
vn 0.1796 0.0104 -0.9837
vn 0.1544 0.0123 -0.9879
vn 0.3335 0.0046 -0.9427
vn -0.2893 0.6134 -0.7348
vn -0.3136 0.6999 -0.6417
vn -0.0130 0.8399 -0.5426
vn -0.0359 0.9189 -0.3928
vn -0.0614 0.3860 -0.9205
vn 0.1541 0.5269 -0.8359
vn 0.1943 0.9538 -0.2292
vn 0.3250 0.8721 -0.3659
vn 0.2305 0.8888 -0.3962
vn 0.2738 0.9429 -0.1894
vn 0.4087 0.5271 -0.7451
vn 0.3381 0.5533 -0.7613
vn 0.4214 0.0092 -0.9068
vn 0.3711 0.1283 -0.9197
vn 0.4125 0.1124 -0.9040
vn 0.3774 0.0190 -0.9258
vn 0.3097 0.1398 -0.9405
vn 0.3556 0.0265 -0.9343
vn 0.3162 0.0233 -0.9484
vn 0.2121 0.1177 -0.9701
vn 0.4754 0.7948 -0.3771
vn 0.4168 0.8821 -0.2193
vn 0.7192 0.5180 -0.4630
vn 0.6778 0.6447 -0.3534
vn 0.5393 0.4708 -0.6982
vn 0.6981 0.3130 -0.6440
vn 0.7787 0.3308 -0.5331
vn 0.7163 0.0667 -0.6946
vn 0.7866 0.1932 -0.5865
vn 0.7370 0.1329 -0.6627
vn 0.6420 0.0270 -0.7662
vn 0.6888 0.1152 -0.7157
vn 0.5302 0.0961 -0.8424
vn 0.5114 0.0100 -0.8593
vn 0.6670 0.0243 -0.7446
vn 0.6853 0.0479 -0.7267
vn 0.6455 0.0083 -0.7637
vn 0.6578 0.0175 -0.7530
vn 0.6126 0.0096 -0.7904
vn 0.5938 0.0036 -0.8046
vn 0.6441 0.0055 -0.7649
vn 0.6340 -0.0001 -0.7733
vn 0.6338 0.0026 -0.7735
vn 0.6432 -0.0004 -0.7657
vn 0.5858 0.0002 -0.8104
vn 0.5879 0.0002 -0.8089
vn 0.4618 -0.0014 -0.8870
vn 0.5035 -0.0005 -0.8640
vn 0.5061 -0.0008 -0.8624
vn 0.4549 0.0001 -0.8905
vn 0.5005 0.0014 -0.8657
vn 0.4471 0.0008 -0.8945
vn 0.4394 0.0034 -0.8983
vn 0.5064 0.0035 -0.8623
vn -0.4985 0.0801 -0.8632
vn -0.5136 0.0308 -0.8575
vn -0.4388 0.2446 -0.8647
vn -0.5071 0.0545 -0.8602
vn -0.5134 0.0303 -0.8576
vn -0.4848 0.1379 -0.8637
vn -0.0586 0.8124 -0.5801
vn -0.2947 0.5286 -0.7961
vn -0.2582 0.6265 -0.7354
vn -0.4260 0.3148 -0.8482
vn -0.4891 0.1942 -0.8504
vn -0.4161 0.4341 -0.7990
vn -0.5034 0.0888 -0.8595
vn -0.5115 0.0342 -0.8586
vn -0.5086 0.0441 -0.8598
vn 0.1372 0.9282 -0.3459
vn 0.2275 0.9450 -0.2348
vn -0.0153 0.8735 -0.4866
vn 0.1583 0.9434 -0.2913
vn 0.2797 0.9416 -0.1877
vn 0.2677 0.9435 -0.1955
vn 0.2784 0.9420 -0.1875
vn 0.2503 0.9461 -0.2057
vn 0.2163 0.9502 -0.2244
vn 0.2739 0.9427 -0.1908
vn 0.0382 0.9297 -0.3664
vn -0.2165 0.7562 -0.6175
vn 0.2945 0.9362 -0.1918
vn 0.3383 0.9146 -0.2215
vn 0.3162 0.9279 -0.1976
vn 0.4172 0.8695 -0.2644
vn 0.5423 0.6963 -0.4702
vn 0.4191 0.8549 -0.3056
vn 0.6597 0.4603 -0.5941
vn 0.5552 0.7214 -0.4140
vn 0.7259 0.4677 -0.5043
vn 0.7284 0.2203 -0.6488
vn 0.5813 0.7463 -0.3242
vn 0.3711 0.9044 -0.2107
vn 0.6365 0.4307 -0.6398
vn 0.5820 0.5614 -0.5883
vn 0.6570 0.1892 -0.7298
vn 0.6413 0.2906 -0.7102
vn 0.6759 0.2127 -0.7057
vn 0.6590 0.0822 -0.7477
vn 0.6496 0.0823 -0.7558
vn 0.6454 -0.0016 -0.7639
vn 0.6498 0.0458 -0.7587
vn 0.6455 0.0013 -0.7637
vn 0.6456 -0.0004 -0.7637
vn 0.6485 0.0187 -0.7610
vn 0.6465 0.0092 -0.7629
vn 0.6439 0.0003 -0.7651
vn 0.6596 0.0321 -0.7510
vn 0.6878 0.0834 -0.7211
vn 0.2124 0.9678 -0.1348
vn 0.2113 0.9678 -0.1365
vn 0.2133 0.9699 -0.1177
vn 0.2123 0.9700 -0.1187
vn 0.2152 0.9675 -0.1328
vn 0.2161 0.9694 -0.1162
vn 0.2128 0.9706 -0.1124
vn 0.2141 0.9706 -0.1101
vn 0.2138 0.9705 -0.1115
vn 0.2132 0.9707 -0.1111
vn 0.2169 0.9701 -0.1090
vn 0.2166 0.9700 -0.1102
vn 0.2269 0.9682 -0.1057
vn 0.2208 0.9692 -0.1088
vn 0.2211 0.9693 -0.1075
vn 0.2266 0.9681 -0.1071
vn 0.2203 0.9687 -0.1146
vn 0.2261 0.9676 -0.1126
vn 0.2252 0.9659 -0.1281
vn 0.2194 0.9669 -0.1304
vn 0.2334 0.9667 -0.1052
vn 0.2337 0.9668 -0.1037
vn 0.2396 0.9653 -0.1036
vn 0.2398 0.9654 -0.1023
vn 0.2329 0.9662 -0.1106
vn 0.2392 0.9648 -0.1089
vn 0.2459 0.9640 -0.1015
vn 0.2529 0.9620 -0.1031
vn 0.2459 0.9638 -0.1028
vn 0.2533 0.9613 -0.1081
vn 0.2457 0.9633 -0.1080
vn 0.2453 0.9618 -0.1218
vn 0.2533 0.9597 -0.1216
vn 0.2385 0.9633 -0.1233
vn 0.2321 0.9646 -0.1255
vn 0.2605 0.9598 -0.1049
vn 0.2675 0.9575 -0.1081
vn 0.2616 0.9589 -0.1100
vn 0.2694 0.9563 -0.1136
vn 0.2744 0.9545 -0.1164
vn 0.2726 0.9556 -0.1122
vn 0.2769 0.9530 -0.1229
vn 0.2751 0.9541 -0.1185
vn 0.2771 0.9517 -0.1323
vn 0.2784 0.9506 -0.1372
vn 0.2710 0.9542 -0.1270
vn 0.2624 0.9571 -0.1231
vn 0.2742 0.9542 -0.1199
vn 0.2722 0.9549 -0.1188
vn 0.2740 0.9538 -0.1231
vn 0.2719 0.9545 -0.1221
vn 0.2765 0.9527 -0.1263
vn 0.2764 0.9523 -0.1291
vn 0.2716 0.9542 -0.1253
vn 0.2731 0.9533 -0.1290
vn 0.2739 0.9535 -0.1262
vn 0.2757 0.9518 -0.1344
vn 0.2763 0.9520 -0.1318
vn 0.2781 0.9500 -0.1418
vn 0.2777 0.9498 -0.1439
vn 0.2780 0.9503 -0.1400
vn 0.2781 0.9505 -0.1384
vn 0.2726 0.9524 -0.1365
vn 0.2724 0.9523 -0.1376
vn 0.2781 0.9499 -0.1426
vn 0.2813 0.9487 -0.1446
vn 0.2730 0.9526 -0.1345
vn 0.2765 0.9508 -0.1399
vn 0.2987 0.9412 -0.1581
vn 0.2869 0.9456 -0.1535
vn 0.2810 0.9480 -0.1494
vn 0.2788 0.9491 -0.1464
vn 0.2763 0.9512 -0.1374
vn 0.2736 0.9527 -0.1322
vn 0.2609 0.9637 -0.0567
vn 0.2679 0.9600 -0.0816
vn 0.2553 0.9662 -0.0361
vn 0.2753 0.9594 -0.0610
vn 0.2853 0.9544 -0.0881
vn 0.2674 0.9628 -0.0385
vn 0.2522 0.9676 -0.0089
vn 0.2526 0.9674 -0.0177
vn 0.2627 0.9648 -0.0092
vn 0.2633 0.9645 -0.0187
vn 0.3787 0.9254 -0.0132
vn 0.2971 0.9546 -0.0212
vn 0.2963 0.9550 -0.0104
vn 0.3797 0.9247 -0.0270
vn 0.3027 0.9521 -0.0440
vn 0.3876 0.9201 -0.0564
vn 0.4026 0.9109 -0.0900
vn 0.3290 0.9388 -0.1018
vn 0.3146 0.9466 -0.0703
vn 0.4060 0.9061 -0.1186
vn 0.3197 0.9338 -0.1607
vn 0.3257 0.9299 -0.1710
vn 0.2913 0.9458 -0.1438
vn 0.3386 0.9285 -0.1526
vn 0.3514 0.9211 -0.1675
vn 0.2982 0.9452 -0.1328
vn 0.2774 0.9513 -0.1343
vn 0.2786 0.9526 -0.1221
vn 0.2746 0.9559 -0.1040
vn 0.2941 0.9491 -0.1127
vn 0.3636 0.9198 -0.1473
vn 0.3402 0.9312 -0.1308
vn 0.2115 0.9708 -0.1130
vn 0.2119 0.9709 -0.1116
vn 0.2110 0.9701 -0.1195
vn 0.2038 0.9724 -0.1135
vn 0.2041 0.9725 -0.1121
vn 0.2035 0.9717 -0.1199
vn 0.2078 0.9606 -0.1846
vn 0.2102 0.9679 -0.1376
vn 0.2022 0.9619 -0.1841
vn 0.2033 0.9694 -0.1376
vn 0.1702 0.9759 -0.1367
vn 0.1749 0.9680 -0.1799
vn 0.1413 0.9807 -0.1352
vn 0.1675 0.9785 -0.1203
vn 0.1373 0.9832 -0.1203
vn 0.1365 0.9840 -0.1148
vn 0.1676 0.9794 -0.1130
vn 0.1670 0.9793 -0.1143
vn 0.0926 0.9891 -0.1141
vn 0.1999 0.9339 -0.2963
vn 0.1653 0.8016 -0.5746
vn 0.1962 0.9348 -0.2961
vn 0.1635 0.8026 -0.5737
vn -0.0199 0.0005 -0.9998
vn 0.0585 0.3498 -0.9350
vn -0.0206 -0.0028 -0.9998
vn 0.0579 0.3495 -0.9351
vn 0.0574 0.3575 -0.9321
vn -0.0200 0.0001 -0.9998
vn 0.1562 0.8117 -0.5628
vn 0.1780 0.9413 -0.2867
vn 0.2125 0.9715 -0.1055
vn 0.2139 0.9712 -0.1051
vn 0.2047 0.9731 -0.1059
vn 0.2130 0.9728 -0.0906
vn 0.2144 0.9725 -0.0905
vn 0.2052 0.9745 -0.0909
vn 0.0700 0.9917 -0.1081
vn 0.1684 0.9799 -0.1068
vn 0.0729 0.9930 -0.0927
vn 0.1696 0.9812 -0.0915
vn 0.0996 0.9935 -0.0547
vn 0.1705 0.9827 -0.0720
vn 0.0760 0.9944 -0.0729
vn 0.1700 0.9841 -0.0505
vn 0.2054 0.9761 -0.0716
vn 0.2049 0.9775 -0.0504
vn 0.2130 0.9757 -0.0505
vn 0.2147 0.9741 -0.0715
vn 0.2132 0.9744 -0.0716
vn 0.2146 0.9754 -0.0506
vn -0.1656 0.9804 -0.1070
vn -0.1584 0.9809 -0.1133
vn -0.6382 0.7653 -0.0835
vn -0.5971 0.7968 -0.0921
vn -0.1593 0.9829 -0.0920
vn -0.6315 0.7720 -0.0723
vn -0.9522 0.3034 -0.0351
vn -0.9662 0.2561 -0.0277
vn -1.0000 -0.0034 0.0003
vn -0.9656 0.2590 -0.0240
vn -0.9987 -0.0513 0.0028
vn -0.9676 0.2520 -0.0186
vn -0.9998 -0.0203 0.0013
vn -0.9743 0.2248 -0.0147
vn -0.6264 0.7773 -0.0575
vn -0.6326 0.7729 -0.0491
vn -0.1459 0.9874 -0.0620
vn -0.1514 0.9858 -0.0726
vn 0.5444 0.8379 -0.0383
vn 0.5430 0.8395 -0.0186
vn 0.8005 0.5968 -0.0551
vn 0.8005 0.5987 -0.0270
vn 0.5532 0.8293 -0.0794
vn 0.8027 0.5856 -0.1130
vn 0.9779 0.2067 -0.0327
vn 0.9977 0.0000 -0.0677
vn 0.9766 0.2046 -0.0662
vn 0.9994 0.0033 -0.0333
vn 0.9905 0.0000 -0.1373
vn 0.9706 0.1995 -0.1347
vn 0.9699 0.0000 -0.2436
vn 0.9604 0.1883 -0.2053
vn 0.9781 0.0000 -0.2082
vn 0.9558 0.1682 -0.2412
vn 0.8082 0.5623 -0.1751
vn 0.8286 0.5183 -0.2114
vn 0.6060 0.7799 -0.1567
vn 0.5693 0.8125 -0.1255
vn 0.2440 0.9697 -0.0063
vn 0.2457 0.9693 -0.0128
vn 0.2445 0.9696 -0.0124
vn 0.2452 0.9694 -0.0066
vn 0.2480 0.9687 -0.0134
vn 0.2476 0.9688 -0.0069
vn 0.2468 0.9687 -0.0256
vn 0.2458 0.9690 -0.0249
vn 0.2492 0.9681 -0.0266
vn 0.2492 0.9684 -0.0071
vn 0.2501 0.9681 -0.0140
vn 0.2496 0.9682 -0.0138
vn 0.2497 0.9683 -0.0073
vn 0.2512 0.9675 -0.0280
vn 0.2508 0.9676 -0.0276
vn 0.2529 0.9666 -0.0425
vn 0.2531 0.9665 -0.0430
vn 0.2511 0.9671 -0.0409
vn 0.2476 0.9681 -0.0384
vn 0.2486 0.9678 -0.0394
vn 0.1381 0.9904 -0.0040
vn 0.1652 0.9863 -0.0040
vn 0.1655 0.9862 -0.0086
vn 0.1381 0.9904 -0.0086
vn 0.1998 0.9798 -0.0041
vn 0.2004 0.9797 -0.0087
vn 0.1671 0.9858 -0.0188
vn 0.1395 0.9900 -0.0188
vn 0.2018 0.9792 -0.0189
vn 0.2100 0.9777 -0.0043
vn 0.2126 0.9771 -0.0043
vn 0.2127 0.9771 -0.0090
vn 0.2104 0.9776 -0.0089
vn 0.2134 0.9768 -0.0194
vn 0.2113 0.9772 -0.0192
vn 0.2123 0.9767 -0.0323
vn 0.2141 0.9763 -0.0325
vn 0.2035 0.9786 -0.0320
vn 0.1407 0.9895 -0.0321
vn 0.1687 0.9852 -0.0320
# 583 vertex normals

vt 1.0000 0.8889 0.0000
# 1 texture coords

o cofre
g cofre
usemtl wire_154154229
s off
f 1/1/1 2/1/2 3/1/3 
f 1/1/1 3/1/3 4/1/4 
f 2/1/2 5/1/5 6/1/6 
f 2/1/2 6/1/6 3/1/3 
f 4/1/4 3/1/3 7/1/7 
f 4/1/4 7/1/7 8/1/8 
f 3/1/3 6/1/6 9/1/9 
f 3/1/3 9/1/9 7/1/7 
f 10/1/10 11/1/11 12/1/12 
f 10/1/10 12/1/12 13/1/13 
f 13/1/13 12/1/12 14/1/14 
f 13/1/13 14/1/14 15/1/15 
f 5/1/5 10/1/10 13/1/13 
f 5/1/5 13/1/13 6/1/6 
f 6/1/6 13/1/13 15/1/15 
f 6/1/6 15/1/15 9/1/9 
f 16/1/16 17/1/17 18/1/18 
f 16/1/16 18/1/18 19/1/19 
f 17/1/17 20/1/20 21/1/21 
f 17/1/17 21/1/21 18/1/18 
f 19/1/19 18/1/18 15/1/15 
f 19/1/19 15/1/15 14/1/14 
f 18/1/18 21/1/21 9/1/9 
f 18/1/18 9/1/9 15/1/15 
f 22/1/22 23/1/23 24/1/24 
f 22/1/22 24/1/24 25/1/25 
f 25/1/25 24/1/24 8/1/8 
f 25/1/25 8/1/8 7/1/7 
f 20/1/20 22/1/22 25/1/25 
f 20/1/20 25/1/25 21/1/21 
f 21/1/21 25/1/25 7/1/7 
f 21/1/21 7/1/7 9/1/9 
f 26/1/26 27/1/27 28/1/28 
f 26/1/26 29/1/29 27/1/27 
f 29/1/29 30/1/30 27/1/27 
f 29/1/29 31/1/31 30/1/30 
f 28/1/28 32/1/32 33/1/33 
f 28/1/28 27/1/27 32/1/32 
f 27/1/27 34/1/34 32/1/32 
f 27/1/27 30/1/30 34/1/34 
f 35/1/35 36/1/36 37/1/37 
f 35/1/35 38/1/38 36/1/36 
f 37/1/37 39/1/39 40/1/40 
f 37/1/37 36/1/36 39/1/39 
f 31/1/31 37/1/37 30/1/30 
f 31/1/31 35/1/35 37/1/37 
f 30/1/30 40/1/40 34/1/34 
f 30/1/30 37/1/37 40/1/40 
f 41/1/41 42/1/42 43/1/43 
f 41/1/41 44/1/44 42/1/42 
f 44/1/44 45/1/45 42/1/42 
f 44/1/44 46/1/46 45/1/45 
f 43/1/43 40/1/40 39/1/39 
f 43/1/43 42/1/42 40/1/40 
f 42/1/42 34/1/34 40/1/40 
f 42/1/42 45/1/45 34/1/34 
f 47/1/47 48/1/48 49/1/49 
f 47/1/47 50/1/50 48/1/48 
f 49/1/49 33/1/33 32/1/32 
f 49/1/49 48/1/48 33/1/33 
f 46/1/46 49/1/49 45/1/45 
f 46/1/46 47/1/47 49/1/49 
f 45/1/45 32/1/32 34/1/34 
f 45/1/45 49/1/49 32/1/32 
f 51/1/51 52/1/52 53/1/53 
f 51/1/51 54/1/54 52/1/52 
f 54/1/54 55/1/55 52/1/52 
f 54/1/54 56/1/56 55/1/55 
f 53/1/53 57/1/57 58/1/58 
f 53/1/53 52/1/52 57/1/57 
f 52/1/52 59/1/59 57/1/57 
f 52/1/52 55/1/55 59/1/59 
f 60/1/60 28/1/28 61/1/61 
f 60/1/60 26/1/26 28/1/28 
f 61/1/61 33/1/33 62/1/62 
f 61/1/61 28/1/28 33/1/33 
f 56/1/56 61/1/61 55/1/55 
f 56/1/56 60/1/60 61/1/61 
f 55/1/55 62/1/62 59/1/59 
f 55/1/55 61/1/61 62/1/62 
f 50/1/50 63/1/63 48/1/48 
f 50/1/50 64/1/64 63/1/63 
f 64/1/64 65/1/65 63/1/63 
f 64/1/64 66/1/66 65/1/65 
f 48/1/48 62/1/62 33/1/33 
f 48/1/48 63/1/63 62/1/62 
f 63/1/63 59/1/59 62/1/62 
f 63/1/63 65/1/65 59/1/59 
f 67/1/67 68/1/68 69/1/69 
f 67/1/67 70/1/70 68/1/68 
f 69/1/69 58/1/58 57/1/57 
f 69/1/69 68/1/68 58/1/58 
f 66/1/66 69/1/69 65/1/65 
f 66/1/66 67/1/67 69/1/69 
f 65/1/65 57/1/57 59/1/59 
f 65/1/65 69/1/69 57/1/57 
f 71/1/71 72/1/72 73/1/73 
f 71/1/71 73/1/73 74/1/74 
f 72/1/72 75/1/75 76/1/76 
f 72/1/72 76/1/76 73/1/73 
f 74/1/74 73/1/73 77/1/77 
f 74/1/74 77/1/77 78/1/78 
f 73/1/73 76/1/76 79/1/79 
f 73/1/73 79/1/79 77/1/77 
f 80/1/80 81/1/81 82/1/82 
f 80/1/80 82/1/82 83/1/83 
f 83/1/83 82/1/82 84/1/84 
f 83/1/83 84/1/84 85/1/85 
f 75/1/75 80/1/80 83/1/83 
f 75/1/75 83/1/83 76/1/76 
f 76/1/76 83/1/83 85/1/85 
f 76/1/76 85/1/85 79/1/79 
f 86/1/86 87/1/87 88/1/88 
f 86/1/86 88/1/88 89/1/89 
f 87/1/87 90/1/90 91/1/91 
f 87/1/87 91/1/91 88/1/88 
f 89/1/89 88/1/88 85/1/85 
f 89/1/89 85/1/85 84/1/84 
f 88/1/88 91/1/91 79/1/79 
f 88/1/88 79/1/79 85/1/85 
f 92/1/92 93/1/93 94/1/94 
f 92/1/92 94/1/94 95/1/95 
f 95/1/95 94/1/94 78/1/78 
f 95/1/95 78/1/78 77/1/77 
f 90/1/90 92/1/92 95/1/95 
f 90/1/90 95/1/95 91/1/91 
f 91/1/91 95/1/95 77/1/77 
f 91/1/91 77/1/77 79/1/79 
f 86/1/86 96/1/96 97/1/97 
f 86/1/86 97/1/97 87/1/87 
f 96/1/96 98/1/98 99/1/99 
f 96/1/96 99/1/99 97/1/97 
f 87/1/87 97/1/97 100/1/100 
f 87/1/87 100/1/100 90/1/90 
f 97/1/97 99/1/99 101/1/101 
f 97/1/97 101/1/101 100/1/100 
f 102/1/102 103/1/103 104/1/104 
f 102/1/102 104/1/104 105/1/105 
f 105/1/105 104/1/104 106/1/106 
f 105/1/105 106/1/106 107/1/107 
f 98/1/98 102/1/102 105/1/105 
f 98/1/98 105/1/105 99/1/99 
f 99/1/99 105/1/105 107/1/107 
f 99/1/99 107/1/107 101/1/101 
f 108/1/108 109/1/109 110/1/110 
f 108/1/108 110/1/110 111/1/111 
f 109/1/109 112/1/112 113/1/113 
f 109/1/109 113/1/113 110/1/110 
f 111/1/111 110/1/110 107/1/107 
f 111/1/111 107/1/107 106/1/106 
f 110/1/110 113/1/113 101/1/101 
f 110/1/110 101/1/101 107/1/107 
f 114/1/114 93/1/93 92/1/92 
f 114/1/114 92/1/92 115/1/115 
f 115/1/115 92/1/92 90/1/90 
f 115/1/115 90/1/90 100/1/100 
f 112/1/112 114/1/114 115/1/115 
f 112/1/112 115/1/115 113/1/113 
f 113/1/113 115/1/115 100/1/100 
f 113/1/113 100/1/100 101/1/101 
f 116/1/116 117/1/117 118/1/118 
f 116/1/116 119/1/119 117/1/117 
f 119/1/119 120/1/120 117/1/117 
f 119/1/119 121/1/121 120/1/120 
f 118/1/118 122/1/122 123/1/123 
f 118/1/118 117/1/117 122/1/122 
f 117/1/117 124/1/124 122/1/122 
f 117/1/117 120/1/120 124/1/124 
f 125/1/125 126/1/126 127/1/127 
f 125/1/125 128/1/128 126/1/126 
f 127/1/127 129/1/129 130/1/130 
f 127/1/127 126/1/126 129/1/129 
f 121/1/121 127/1/127 120/1/120 
f 121/1/121 125/1/125 127/1/127 
f 120/1/120 130/1/130 124/1/124 
f 120/1/120 127/1/127 130/1/130 
f 131/1/131 132/1/132 133/1/133 
f 131/1/131 134/1/134 132/1/132 
f 134/1/134 135/1/135 132/1/132 
f 134/1/134 136/1/136 135/1/135 
f 133/1/133 130/1/130 129/1/129 
f 133/1/133 132/1/132 130/1/130 
f 132/1/132 124/1/124 130/1/130 
f 132/1/132 135/1/135 124/1/124 
f 137/1/137 138/1/138 139/1/139 
f 137/1/137 140/1/140 138/1/138 
f 139/1/139 123/1/123 122/1/122 
f 139/1/139 138/1/138 123/1/123 
f 136/1/136 139/1/139 135/1/135 
f 136/1/136 137/1/137 139/1/139 
f 135/1/135 122/1/122 124/1/124 
f 135/1/135 139/1/139 122/1/122 
f 140/1/140 141/1/141 142/1/142 
f 140/1/140 137/1/137 141/1/141 
f 137/1/137 143/1/143 141/1/141 
f 137/1/137 136/1/136 143/1/143 
f 142/1/142 144/1/144 145/1/145 
f 142/1/142 141/1/141 144/1/144 
f 141/1/141 146/1/146 144/1/144 
f 141/1/141 143/1/143 146/1/146 
f 134/1/134 147/1/147 148/1/148 
f 134/1/134 131/1/131 147/1/147 
f 148/1/148 149/1/149 150/1/150 
f 148/1/148 147/1/147 149/1/149 
f 136/1/136 148/1/148 143/1/143 
f 136/1/136 134/1/134 148/1/148 
f 143/1/143 150/1/150 146/1/146 
f 143/1/143 148/1/148 150/1/150 
f 151/1/151 152/1/152 153/1/153 
f 151/1/151 154/1/154 152/1/152 
f 154/1/154 155/1/155 152/1/152 
f 154/1/154 156/1/156 155/1/155 
f 153/1/153 150/1/150 149/1/149 
f 153/1/153 152/1/152 150/1/150 
f 152/1/152 146/1/146 150/1/150 
f 152/1/152 155/1/155 146/1/146 
f 157/1/157 158/1/158 159/1/159 
f 157/1/157 160/1/160 158/1/158 
f 159/1/159 145/1/145 144/1/144 
f 159/1/159 158/1/158 145/1/145 
f 156/1/156 159/1/159 155/1/155 
f 156/1/156 157/1/157 159/1/159 
f 155/1/155 144/1/144 146/1/146 
f 155/1/155 159/1/159 144/1/144 
f 161/1/161 162/1/162 163/1/163 
f 161/1/161 164/1/164 162/1/162 
f 164/1/164 165/1/165 162/1/162 
f 164/1/164 166/1/166 165/1/165 
f 163/1/163 167/1/167 168/1/168 
f 163/1/163 162/1/162 167/1/167 
f 162/1/162 169/1/169 167/1/167 
f 162/1/162 165/1/165 169/1/169 
f 170/1/170 171/1/171 172/1/172 
f 170/1/170 173/1/173 171/1/171 
f 172/1/172 174/1/174 175/1/175 
f 172/1/172 171/1/171 174/1/174 
f 166/1/166 172/1/172 165/1/165 
f 166/1/166 170/1/170 172/1/172 
f 165/1/165 175/1/175 169/1/169 
f 165/1/165 172/1/172 175/1/175 
f 176/1/176 177/1/177 178/1/178 
f 176/1/176 179/1/179 177/1/177 
f 179/1/179 167/1/167 177/1/177 
f 179/1/179 168/1/168 167/1/167 
f 178/1/178 175/1/175 174/1/174 
f 178/1/178 177/1/177 175/1/175 
f 177/1/177 169/1/169 175/1/175 
f 177/1/177 167/1/167 169/1/169 
f 41/1/41 180/1/180 181/1/181 
f 41/1/41 182/1/182 180/1/180 
f 182/1/182 183/1/183 180/1/180 
f 182/1/182 184/1/184 183/1/183 
f 181/1/181 185/1/185 186/1/186 
f 181/1/181 180/1/180 185/1/185 
f 180/1/180 187/1/187 185/1/185 
f 180/1/180 183/1/183 187/1/187 
f 188/1/188 189/1/189 190/1/190 
f 188/1/188 191/1/191 189/1/189 
f 190/1/190 192/1/192 193/1/193 
f 190/1/190 189/1/189 192/1/192 
f 184/1/184 190/1/190 183/1/183 
f 184/1/184 188/1/188 190/1/190 
f 183/1/183 193/1/193 187/1/187 
f 183/1/183 190/1/190 193/1/193 
f 128/1/128 194/1/194 195/1/195 
f 128/1/128 125/1/125 194/1/194 
f 125/1/125 196/1/196 194/1/194 
f 125/1/125 121/1/121 196/1/196 
f 195/1/195 193/1/193 192/1/192 
f 195/1/195 194/1/194 193/1/193 
f 194/1/194 187/1/187 193/1/193 
f 194/1/194 196/1/196 187/1/187 
f 119/1/119 197/1/197 198/1/198 
f 119/1/119 116/1/116 197/1/197 
f 198/1/198 186/1/186 185/1/185 
f 198/1/198 197/1/197 186/1/186 
f 121/1/121 198/1/198 196/1/196 
f 121/1/121 119/1/119 198/1/198 
f 196/1/196 185/1/185 187/1/187 
f 196/1/196 198/1/198 185/1/185 
f 38/1/38 199/1/199 36/1/36 
f 38/1/38 200/1/200 199/1/199 
f 200/1/200 201/1/201 199/1/199 
f 200/1/200 202/1/202 201/1/201 
f 36/1/36 203/1/203 39/1/39 
f 36/1/36 199/1/199 203/1/203 
f 199/1/199 204/1/204 203/1/203 
f 199/1/199 201/1/201 204/1/204 
f 205/1/205 206/1/206 207/1/207 
f 205/1/205 208/1/208 206/1/206 
f 207/1/207 209/1/209 210/1/210 
f 207/1/207 206/1/206 209/1/209 
f 202/1/202 207/1/207 201/1/201 
f 202/1/202 205/1/205 207/1/207 
f 201/1/201 210/1/210 204/1/204 
f 201/1/201 207/1/207 210/1/210 
f 191/1/191 211/1/211 212/1/212 
f 191/1/191 188/1/188 211/1/211 
f 188/1/188 213/1/213 211/1/211 
f 188/1/188 184/1/184 213/1/213 
f 212/1/212 210/1/210 209/1/209 
f 212/1/212 211/1/211 210/1/210 
f 211/1/211 204/1/204 210/1/210 
f 211/1/211 213/1/213 204/1/204 
f 182/1/182 43/1/43 214/1/214 
f 182/1/182 41/1/41 43/1/43 
f 214/1/214 39/1/39 203/1/203 
f 214/1/214 43/1/43 39/1/39 
f 184/1/184 214/1/214 213/1/213 
f 184/1/184 182/1/182 214/1/214 
f 213/1/213 203/1/203 204/1/204 
f 213/1/213 214/1/214 203/1/203 
f 215/1/215 216/1/216 217/1/217 
f 215/1/215 218/1/218 216/1/216 
f 218/1/218 219/1/219 216/1/216 
f 218/1/218 220/1/220 219/1/219 
f 217/1/217 221/1/221 222/1/222 
f 217/1/217 216/1/216 221/1/221 
f 216/1/216 223/1/223 221/1/221 
f 216/1/216 219/1/219 223/1/223 
f 224/1/224 225/1/225 226/1/226 
f 224/1/224 227/1/227 225/1/225 
f 226/1/226 228/1/228 229/1/229 
f 226/1/226 225/1/225 228/1/228 
f 220/1/220 226/1/226 219/1/219 
f 220/1/220 224/1/224 226/1/226 
f 219/1/219 229/1/229 223/1/223 
f 219/1/219 226/1/226 229/1/229 
f 230/1/230 231/1/231 232/1/232 
f 230/1/230 233/1/233 231/1/231 
f 233/1/233 234/1/234 231/1/231 
f 233/1/233 235/1/235 234/1/234 
f 232/1/232 229/1/229 228/1/228 
f 232/1/232 231/1/231 229/1/229 
f 231/1/231 223/1/223 229/1/229 
f 231/1/231 234/1/234 223/1/223 
f 236/1/236 237/1/237 238/1/238 
f 236/1/236 239/1/239 237/1/237 
f 238/1/238 222/1/222 221/1/221 
f 238/1/238 237/1/237 222/1/222 
f 235/1/235 238/1/238 234/1/234 
f 235/1/235 236/1/236 238/1/238 
f 234/1/234 221/1/221 223/1/223 
f 234/1/234 238/1/238 221/1/221 
f 227/1/227 240/1/240 225/1/225 
f 227/1/227 241/1/241 240/1/240 
f 241/1/241 242/1/242 240/1/240 
f 241/1/241 243/1/243 242/1/242 
f 225/1/225 244/1/244 228/1/228 
f 225/1/225 240/1/240 244/1/244 
f 240/1/240 245/1/245 244/1/244 
f 240/1/240 242/1/242 245/1/245 
f 246/1/246 247/1/247 248/1/248 
f 246/1/246 249/1/249 247/1/247 
f 248/1/248 250/1/250 251/1/251 
f 248/1/248 247/1/247 250/1/250 
f 243/1/243 248/1/248 242/1/242 
f 243/1/243 246/1/246 248/1/248 
f 242/1/242 251/1/251 245/1/245 
f 242/1/242 248/1/248 251/1/251 
f 252/1/252 253/1/253 254/1/254 
f 252/1/252 255/1/255 253/1/253 
f 255/1/255 256/1/256 253/1/253 
f 255/1/255 257/1/257 256/1/256 
f 254/1/254 251/1/251 250/1/250 
f 254/1/254 253/1/253 251/1/251 
f 253/1/253 245/1/245 251/1/251 
f 253/1/253 256/1/256 245/1/245 
f 258/1/258 232/1/232 259/1/259 
f 258/1/258 230/1/230 232/1/232 
f 259/1/259 228/1/228 244/1/244 
f 259/1/259 232/1/232 228/1/228 
f 257/1/257 259/1/259 256/1/256 
f 257/1/257 258/1/258 259/1/259 
f 256/1/256 244/1/244 245/1/245 
f 256/1/256 259/1/259 244/1/244 
f 249/1/249 260/1/260 247/1/247 
f 249/1/249 261/1/261 260/1/260 
f 261/1/261 262/1/262 260/1/260 
f 261/1/261 263/1/263 262/1/262 
f 247/1/247 264/1/264 250/1/250 
f 247/1/247 260/1/260 264/1/264 
f 260/1/260 265/1/265 264/1/264 
f 260/1/260 262/1/262 265/1/265 
f 266/1/266 267/1/267 268/1/268 
f 266/1/266 269/1/269 267/1/267 
f 268/1/268 270/1/270 271/1/271 
f 268/1/268 267/1/267 270/1/270 
f 263/1/263 268/1/268 262/1/262 
f 263/1/263 266/1/266 268/1/268 
f 262/1/262 271/1/271 265/1/265 
f 262/1/262 268/1/268 271/1/271 
f 252/1/252 272/1/272 273/1/273 
f 252/1/252 254/1/254 272/1/272 
f 254/1/254 264/1/264 272/1/272 
f 254/1/254 250/1/250 264/1/264 
f 273/1/273 271/1/271 270/1/270 
f 273/1/273 272/1/272 271/1/271 
f 272/1/272 265/1/265 271/1/271 
f 272/1/272 264/1/264 265/1/265 
f 269/1/269 274/1/274 267/1/267 
f 269/1/269 275/1/275 274/1/274 
f 275/1/275 276/1/276 274/1/274 
f 275/1/275 277/1/277 276/1/276 
f 267/1/267 278/1/278 270/1/270 
f 267/1/267 274/1/274 278/1/278 
f 274/1/274 279/1/279 278/1/278 
f 274/1/274 276/1/276 279/1/279 
f 280/1/280 281/1/281 282/1/282 
f 280/1/280 283/1/283 281/1/281 
f 282/1/282 284/1/284 285/1/285 
f 282/1/282 281/1/281 284/1/284 
f 277/1/277 282/1/282 276/1/276 
f 277/1/277 280/1/280 282/1/282 
f 276/1/276 285/1/285 279/1/279 
f 276/1/276 282/1/282 285/1/285 
f 286/1/286 287/1/287 288/1/288 
f 286/1/286 289/1/289 287/1/287 
f 289/1/289 290/1/290 287/1/287 
f 289/1/289 291/1/291 290/1/290 
f 288/1/288 285/1/285 284/1/284 
f 288/1/288 287/1/287 285/1/285 
f 287/1/287 279/1/279 285/1/285 
f 287/1/287 290/1/290 279/1/279 
f 292/1/292 273/1/273 293/1/293 
f 292/1/292 252/1/252 273/1/273 
f 293/1/293 270/1/270 278/1/278 
f 293/1/293 273/1/273 270/1/270 
f 291/1/291 293/1/293 290/1/290 
f 291/1/291 292/1/292 293/1/293 
f 290/1/290 278/1/278 279/1/279 
f 290/1/290 293/1/293 278/1/278 
f 208/1/208 294/1/294 295/1/295 
f 208/1/208 205/1/205 294/1/294 
f 205/1/205 296/1/296 294/1/294 
f 205/1/205 202/1/202 296/1/296 
f 295/1/295 297/1/297 298/1/298 
f 295/1/295 294/1/294 297/1/297 
f 294/1/294 299/1/299 297/1/297 
f 294/1/294 296/1/296 299/1/299 
f 200/1/200 300/1/300 301/1/301 
f 200/1/200 38/1/38 300/1/300 
f 301/1/301 302/1/302 303/1/303 
f 301/1/301 300/1/300 302/1/302 
f 202/1/202 301/1/301 296/1/296 
f 202/1/202 200/1/200 301/1/301 
f 296/1/296 303/1/303 299/1/299 
f 296/1/296 301/1/301 303/1/303 
f 227/1/227 304/1/304 305/1/305 
f 227/1/227 224/1/224 304/1/304 
f 224/1/224 306/1/306 304/1/304 
f 224/1/224 220/1/220 306/1/306 
f 305/1/305 303/1/303 302/1/302 
f 305/1/305 304/1/304 303/1/303 
f 304/1/304 299/1/299 303/1/303 
f 304/1/304 306/1/306 299/1/299 
f 218/1/218 307/1/307 308/1/308 
f 218/1/218 215/1/215 307/1/307 
f 308/1/308 298/1/298 297/1/297 
f 308/1/308 307/1/307 298/1/298 
f 220/1/220 308/1/308 306/1/306 
f 220/1/220 218/1/218 308/1/308 
f 306/1/306 297/1/297 299/1/299 
f 306/1/306 308/1/308 297/1/297 
f 38/1/38 309/1/309 300/1/300 
f 38/1/38 35/1/35 309/1/309 
f 35/1/35 310/1/310 309/1/309 
f 35/1/35 31/1/31 310/1/310 
f 300/1/300 311/1/311 302/1/302 
f 300/1/300 309/1/309 311/1/311 
f 309/1/309 312/1/312 311/1/311 
f 309/1/309 310/1/310 312/1/312 
f 29/1/29 313/1/313 314/1/314 
f 29/1/29 26/1/26 313/1/313 
f 314/1/314 315/1/315 316/1/316 
f 314/1/314 313/1/313 315/1/315 
f 31/1/31 314/1/314 310/1/310 
f 31/1/31 29/1/29 314/1/314 
f 310/1/310 316/1/316 312/1/312 
f 310/1/310 314/1/314 316/1/316 
f 249/1/249 317/1/317 318/1/318 
f 249/1/249 246/1/246 317/1/317 
f 246/1/246 319/1/319 317/1/317 
f 246/1/246 243/1/243 319/1/319 
f 318/1/318 316/1/316 315/1/315 
f 318/1/318 317/1/317 316/1/316 
f 317/1/317 312/1/312 316/1/316 
f 317/1/317 319/1/319 312/1/312 
f 241/1/241 305/1/305 320/1/320 
f 241/1/241 227/1/227 305/1/305 
f 320/1/320 302/1/302 311/1/311 
f 320/1/320 305/1/305 302/1/302 
f 243/1/243 320/1/320 319/1/319 
f 243/1/243 241/1/241 320/1/320 
f 319/1/319 311/1/311 312/1/312 
f 319/1/319 320/1/320 311/1/311 
f 26/1/26 321/1/321 313/1/313 
f 26/1/26 60/1/60 321/1/321 
f 60/1/60 322/1/322 321/1/321 
f 60/1/60 56/1/56 322/1/322 
f 313/1/313 323/1/323 315/1/315 
f 313/1/313 321/1/321 323/1/323 
f 321/1/321 324/1/324 323/1/323 
f 321/1/321 322/1/322 324/1/324 
f 54/1/54 325/1/325 326/1/326 
f 54/1/54 51/1/51 325/1/325 
f 326/1/326 327/1/327 328/1/328 
f 326/1/326 325/1/325 327/1/327 
f 56/1/56 326/1/326 322/1/322 
f 56/1/56 54/1/54 326/1/326 
f 322/1/322 328/1/328 324/1/324 
f 322/1/322 326/1/326 328/1/328 
f 269/1/269 329/1/329 330/1/330 
f 269/1/269 266/1/266 329/1/329 
f 266/1/266 331/1/331 329/1/329 
f 266/1/266 263/1/263 331/1/331 
f 330/1/330 328/1/328 327/1/327 
f 330/1/330 329/1/329 328/1/328 
f 329/1/329 324/1/324 328/1/328 
f 329/1/329 331/1/331 324/1/324 
f 261/1/261 318/1/318 332/1/332 
f 261/1/261 249/1/249 318/1/318 
f 332/1/332 315/1/315 323/1/323 
f 332/1/332 318/1/318 315/1/315 
f 263/1/263 332/1/332 331/1/331 
f 263/1/263 261/1/261 332/1/332 
f 331/1/331 323/1/323 324/1/324 
f 331/1/331 332/1/332 323/1/323 
f 51/1/51 333/1/333 325/1/325 
f 51/1/51 334/1/334 333/1/333 
f 334/1/334 335/1/335 333/1/333 
f 334/1/334 336/1/336 335/1/335 
f 325/1/325 337/1/337 327/1/327 
f 325/1/325 333/1/333 337/1/337 
f 333/1/333 338/1/338 337/1/337 
f 333/1/333 335/1/335 338/1/338 
f 339/1/339 340/1/340 341/1/341 
f 339/1/339 342/1/342 340/1/340 
f 341/1/341 343/1/343 344/1/344 
f 341/1/341 340/1/340 343/1/343 
f 336/1/336 341/1/341 335/1/335 
f 336/1/336 339/1/339 341/1/341 
f 335/1/335 344/1/344 338/1/338 
f 335/1/335 341/1/341 344/1/344 
f 283/1/283 345/1/345 346/1/346 
f 283/1/283 280/1/280 345/1/345 
f 280/1/280 347/1/347 345/1/345 
f 280/1/280 277/1/277 347/1/347 
f 346/1/346 344/1/344 343/1/343 
f 346/1/346 345/1/345 344/1/344 
f 345/1/345 338/1/338 344/1/344 
f 345/1/345 347/1/347 338/1/338 
f 275/1/275 330/1/330 348/1/348 
f 275/1/275 269/1/269 330/1/330 
f 348/1/348 327/1/327 337/1/337 
f 348/1/348 330/1/330 327/1/327 
f 277/1/277 348/1/348 347/1/347 
f 277/1/277 275/1/275 348/1/348 
f 347/1/347 337/1/337 338/1/338 
f 347/1/347 348/1/348 337/1/337 
f 160/1/160 349/1/349 158/1/158 
f 160/1/160 350/1/350 349/1/349 
f 350/1/350 351/1/351 349/1/349 
f 350/1/350 352/1/352 351/1/351 
f 158/1/158 353/1/353 145/1/145 
f 158/1/158 349/1/349 353/1/353 
f 349/1/349 354/1/354 353/1/353 
f 349/1/349 351/1/351 354/1/354 
f 355/1/355 356/1/356 357/1/357 
f 355/1/355 358/1/358 356/1/356 
f 357/1/357 359/1/359 360/1/360 
f 357/1/357 356/1/356 359/1/359 
f 352/1/352 357/1/357 351/1/351 
f 352/1/352 355/1/355 357/1/357 
f 351/1/351 360/1/360 354/1/354 
f 351/1/351 357/1/357 360/1/360 
f 361/1/361 362/1/362 363/1/363 
f 361/1/361 364/1/364 362/1/362 
f 364/1/364 365/1/365 362/1/362 
f 364/1/364 366/1/366 365/1/365 
f 363/1/363 360/1/360 359/1/359 
f 363/1/363 362/1/362 360/1/360 
f 362/1/362 354/1/354 360/1/360 
f 362/1/362 365/1/365 354/1/354 
f 367/1/367 142/1/142 368/1/368 
f 367/1/367 140/1/140 142/1/142 
f 368/1/368 145/1/145 353/1/353 
f 368/1/368 142/1/142 145/1/145 
f 366/1/366 368/1/368 365/1/365 
f 366/1/366 367/1/367 368/1/368 
f 365/1/365 353/1/353 354/1/354 
f 365/1/365 368/1/368 353/1/353 
f 361/1/361 369/1/369 364/1/364 
f 361/1/361 370/1/370 369/1/369 
f 370/1/370 371/1/371 369/1/369 
f 370/1/370 372/1/372 371/1/371 
f 364/1/364 373/1/373 366/1/366 
f 364/1/364 369/1/369 373/1/373 
f 369/1/369 374/1/374 373/1/373 
f 369/1/369 371/1/371 374/1/374 
f 375/1/375 376/1/376 377/1/377 
f 375/1/375 16/1/16 376/1/376 
f 377/1/377 378/1/378 379/1/379 
f 377/1/377 376/1/376 378/1/378 
f 372/1/372 377/1/377 371/1/371 
f 372/1/372 375/1/375 377/1/377 
f 371/1/371 379/1/379 374/1/374 
f 371/1/371 377/1/377 379/1/379 
f 116/1/116 380/1/380 381/1/381 
f 116/1/116 118/1/118 380/1/380 
f 118/1/118 382/1/382 380/1/380 
f 118/1/118 123/1/123 382/1/382 
f 381/1/381 379/1/379 378/1/378 
f 381/1/381 380/1/380 379/1/379 
f 380/1/380 374/1/374 379/1/379 
f 380/1/380 382/1/382 374/1/374 
f 138/1/138 367/1/367 383/1/383 
f 138/1/138 140/1/140 367/1/367 
f 383/1/383 366/1/366 373/1/373 
f 383/1/383 367/1/367 366/1/366 
f 123/1/123 383/1/383 382/1/382 
f 123/1/123 138/1/138 383/1/383 
f 382/1/382 373/1/373 374/1/374 
f 382/1/382 383/1/383 373/1/373 
f 16/1/16 384/1/384 376/1/376 
f 16/1/16 19/1/19 384/1/384 
f 19/1/19 385/1/385 384/1/384 
f 19/1/19 14/1/14 385/1/385 
f 376/1/376 386/1/386 378/1/378 
f 376/1/376 384/1/384 386/1/386 
f 384/1/384 387/1/387 386/1/386 
f 384/1/384 385/1/385 387/1/387 
f 12/1/12 388/1/388 389/1/389 
f 12/1/12 11/1/11 388/1/388 
f 389/1/389 390/1/390 391/1/391 
f 389/1/389 388/1/388 390/1/390 
f 14/1/14 389/1/389 385/1/385 
f 14/1/14 12/1/12 389/1/389 
f 385/1/385 391/1/391 387/1/387 
f 385/1/385 389/1/389 391/1/391 
f 41/1/41 392/1/392 393/1/393 
f 41/1/41 181/1/181 392/1/392 
f 181/1/181 394/1/394 392/1/392 
f 181/1/181 186/1/186 394/1/394 
f 393/1/393 391/1/391 390/1/390 
f 393/1/393 392/1/392 391/1/391 
f 392/1/392 387/1/387 391/1/391 
f 392/1/392 394/1/394 387/1/387 
f 197/1/197 381/1/381 395/1/395 
f 197/1/197 116/1/116 381/1/381 
f 395/1/395 378/1/378 386/1/386 
f 395/1/395 381/1/381 378/1/378 
f 186/1/186 395/1/395 394/1/394 
f 186/1/186 197/1/197 395/1/395 
f 394/1/394 386/1/386 387/1/387 
f 394/1/394 395/1/395 386/1/386 
f 11/1/11 396/1/396 388/1/388 
f 11/1/11 397/1/397 396/1/396 
f 397/1/397 398/1/398 396/1/396 
f 397/1/397 399/1/399 398/1/398 
f 388/1/388 400/1/400 390/1/390 
f 388/1/388 396/1/396 400/1/400 
f 396/1/396 401/1/401 400/1/400 
f 396/1/396 398/1/398 401/1/401 
f 402/1/402 403/1/403 404/1/404 
f 402/1/402 81/1/81 403/1/403 
f 404/1/404 405/1/405 406/1/406 
f 404/1/404 403/1/403 405/1/405 
f 399/1/399 404/1/404 398/1/398 
f 399/1/399 402/1/402 404/1/404 
f 398/1/398 406/1/406 401/1/401 
f 398/1/398 404/1/404 406/1/406 
f 50/1/50 407/1/407 408/1/408 
f 50/1/50 47/1/47 407/1/407 
f 47/1/47 409/1/409 407/1/407 
f 47/1/47 46/1/46 409/1/409 
f 408/1/408 406/1/406 405/1/405 
f 408/1/408 407/1/407 406/1/406 
f 407/1/407 401/1/401 406/1/406 
f 407/1/407 409/1/409 401/1/401 
f 44/1/44 393/1/393 410/1/410 
f 44/1/44 41/1/41 393/1/393 
f 410/1/410 390/1/390 400/1/400 
f 410/1/410 393/1/393 390/1/390 
f 46/1/46 410/1/410 409/1/409 
f 46/1/46 44/1/44 410/1/410 
f 409/1/409 400/1/400 401/1/401 
f 409/1/409 410/1/410 400/1/400 
f 71/1/71 411/1/411 72/1/72 
f 71/1/71 412/1/412 411/1/411 
f 412/1/412 413/1/413 411/1/411 
f 412/1/412 414/1/414 413/1/413 
f 72/1/72 415/1/415 75/1/75 
f 72/1/72 411/1/411 415/1/415 
f 411/1/411 416/1/416 415/1/415 
f 411/1/411 413/1/413 416/1/416 
f 417/1/417 67/1/67 418/1/418 
f 417/1/417 70/1/70 67/1/67 
f 418/1/418 66/1/66 419/1/419 
f 418/1/418 67/1/67 66/1/66 
f 414/1/414 418/1/418 413/1/413 
f 414/1/414 417/1/417 418/1/418 
f 413/1/413 419/1/419 416/1/416 
f 413/1/413 418/1/418 419/1/419 
f 50/1/50 420/1/420 64/1/64 
f 50/1/50 408/1/408 420/1/420 
f 408/1/408 421/1/421 420/1/420 
f 408/1/408 405/1/405 421/1/421 
f 64/1/64 419/1/419 66/1/66 
f 64/1/64 420/1/420 419/1/419 
f 420/1/420 416/1/416 419/1/419 
f 420/1/420 421/1/421 416/1/416 
f 403/1/403 80/1/80 422/1/422 
f 403/1/403 81/1/81 80/1/80 
f 422/1/422 75/1/75 415/1/415 
f 422/1/422 80/1/80 75/1/75 
f 405/1/405 422/1/422 421/1/421 
f 405/1/405 403/1/403 422/1/422 
f 421/1/421 415/1/415 416/1/416 
f 421/1/421 422/1/422 415/1/415 
f 93/1/93 423/1/423 424/1/424 
f 93/1/93 114/1/114 423/1/423 
f 114/1/114 425/1/425 423/1/423 
f 114/1/114 112/1/112 425/1/425 
f 424/1/424 426/1/426 427/1/427 
f 424/1/424 423/1/423 426/1/426 
f 423/1/423 428/1/428 426/1/426 
f 423/1/423 425/1/425 428/1/428 
f 109/1/109 429/1/429 430/1/430 
f 109/1/109 108/1/108 429/1/429 
f 430/1/430 431/1/431 432/1/432 
f 430/1/430 429/1/429 431/1/431 
f 112/1/112 430/1/430 425/1/425 
f 112/1/112 109/1/109 430/1/430 
f 425/1/425 432/1/432 428/1/428 
f 425/1/425 430/1/430 432/1/432 
f 433/1/433 434/1/434 435/1/435 
f 433/1/433 436/1/436 434/1/434 
f 436/1/436 437/1/437 434/1/434 
f 436/1/436 438/1/438 437/1/437 
f 435/1/435 432/1/432 431/1/431 
f 435/1/435 434/1/434 432/1/432 
f 434/1/434 428/1/428 432/1/432 
f 434/1/434 437/1/437 428/1/428 
f 439/1/439 440/1/440 441/1/441 
f 439/1/439 442/1/442 440/1/440 
f 441/1/441 427/1/427 426/1/426 
f 441/1/441 440/1/440 427/1/427 
f 438/1/438 441/1/441 437/1/437 
f 438/1/438 439/1/439 441/1/441 
f 437/1/437 426/1/426 428/1/428 
f 437/1/437 441/1/441 426/1/426 
f 70/1/70 443/1/443 444/1/444 
f 70/1/70 417/1/417 443/1/443 
f 417/1/417 445/1/445 443/1/443 
f 417/1/417 414/1/414 445/1/445 
f 444/1/444 446/1/446 447/1/447 
f 444/1/444 443/1/443 446/1/446 
f 443/1/443 448/1/448 446/1/446 
f 443/1/443 445/1/445 448/1/448 
f 412/1/412 74/1/74 449/1/449 
f 412/1/412 71/1/71 74/1/74 
f 449/1/449 78/1/78 450/1/450 
f 449/1/449 74/1/74 78/1/78 
f 414/1/414 449/1/449 445/1/445 
f 414/1/414 412/1/412 449/1/449 
f 445/1/445 450/1/450 448/1/448 
f 445/1/445 449/1/449 450/1/450 
f 93/1/93 451/1/451 94/1/94 
f 93/1/93 424/1/424 451/1/451 
f 424/1/424 452/1/452 451/1/451 
f 424/1/424 427/1/427 452/1/452 
f 94/1/94 450/1/450 78/1/78 
f 94/1/94 451/1/451 450/1/450 
f 451/1/451 448/1/448 450/1/450 
f 451/1/451 452/1/452 448/1/448 
f 440/1/440 453/1/453 454/1/454 
f 440/1/440 442/1/442 453/1/453 
f 454/1/454 447/1/447 446/1/446 
f 454/1/454 453/1/453 447/1/447 
f 427/1/427 454/1/454 452/1/452 
f 427/1/427 440/1/440 454/1/454 
f 452/1/452 446/1/446 448/1/448 
f 452/1/452 454/1/454 446/1/446 
f 358/1/358 455/1/455 456/1/456 
f 358/1/358 355/1/355 455/1/455 
f 355/1/355 457/1/457 455/1/455 
f 355/1/355 352/1/352 457/1/457 
f 456/1/456 458/1/458 459/1/459 
f 456/1/456 455/1/455 458/1/458 
f 455/1/455 460/1/460 458/1/458 
f 455/1/455 457/1/457 460/1/460 
f 350/1/350 461/1/461 462/1/462 
f 350/1/350 160/1/160 461/1/461 
f 462/1/462 463/1/463 464/1/464 
f 462/1/462 461/1/461 463/1/463 
f 352/1/352 462/1/462 457/1/457 
f 352/1/352 350/1/350 462/1/462 
f 457/1/457 464/1/464 460/1/460 
f 457/1/457 462/1/462 464/1/464 
f 161/1/161 465/1/465 466/1/466 
f 161/1/161 467/1/467 465/1/465 
f 467/1/467 468/1/468 465/1/465 
f 467/1/467 469/1/469 468/1/468 
f 466/1/466 464/1/464 463/1/463 
f 466/1/466 465/1/465 464/1/464 
f 465/1/465 460/1/460 464/1/464 
f 465/1/465 468/1/468 460/1/460 
f 470/1/470 471/1/471 472/1/472 
f 470/1/470 473/1/473 471/1/471 
f 472/1/472 459/1/459 458/1/458 
f 472/1/472 471/1/471 459/1/459 
f 469/1/469 472/1/472 468/1/468 
f 469/1/469 470/1/470 472/1/472 
f 468/1/468 458/1/458 460/1/460 
f 468/1/468 472/1/472 458/1/458 
f 160/1/160 474/1/474 461/1/461 
f 160/1/160 157/1/157 474/1/474 
f 157/1/157 475/1/475 474/1/474 
f 157/1/157 156/1/156 475/1/475 
f 461/1/461 476/1/476 463/1/463 
f 461/1/461 474/1/474 476/1/476 
f 474/1/474 477/1/477 476/1/476 
f 474/1/474 475/1/475 477/1/477 
f 154/1/154 478/1/478 479/1/479 
f 154/1/154 151/1/151 478/1/478 
f 479/1/479 480/1/480 481/1/481 
f 479/1/479 478/1/478 480/1/480 
f 156/1/156 479/1/479 475/1/475 
f 156/1/156 154/1/154 479/1/479 
f 475/1/475 481/1/481 477/1/477 
f 475/1/475 479/1/479 481/1/481 
f 173/1/173 482/1/482 483/1/483 
f 173/1/173 170/1/170 482/1/482 
f 170/1/170 484/1/484 482/1/482 
f 170/1/170 166/1/166 484/1/484 
f 483/1/483 481/1/481 480/1/480 
f 483/1/483 482/1/482 481/1/481 
f 482/1/482 477/1/477 481/1/481 
f 482/1/482 484/1/484 477/1/477 
f 164/1/164 466/1/466 485/1/485 
f 164/1/164 161/1/161 466/1/466 
f 485/1/485 463/1/463 476/1/476 
f 485/1/485 466/1/466 463/1/463 
f 166/1/166 485/1/485 484/1/484 
f 166/1/166 164/1/164 485/1/485 
f 484/1/484 476/1/476 477/1/477 
f 484/1/484 485/1/485 476/1/476 
f 358/1/358 486/1/486 487/1/487 
f 358/1/358 456/1/456 486/1/486 
f 456/1/456 488/1/488 486/1/486 
f 456/1/456 459/1/459 488/1/488 
f 487/1/487 489/1/489 490/1/490 
f 487/1/487 486/1/486 489/1/489 
f 486/1/486 491/1/491 489/1/489 
f 486/1/486 488/1/488 491/1/491 
f 471/1/471 492/1/492 493/1/493 
f 471/1/471 473/1/473 492/1/492 
f 493/1/493 494/1/494 495/1/495 
f 493/1/493 492/1/492 494/1/494 
f 459/1/459 493/1/493 488/1/488 
f 459/1/459 471/1/471 493/1/493 
f 488/1/488 495/1/495 491/1/491 
f 488/1/488 493/1/493 495/1/495 
f 496/1/496 497/1/497 498/1/498 
f 496/1/496 499/1/499 497/1/497 
f 499/1/499 500/1/500 497/1/497 
f 499/1/499 501/1/501 500/1/500 
f 498/1/498 495/1/495 494/1/494 
f 498/1/498 497/1/497 495/1/495 
f 497/1/497 491/1/491 495/1/495 
f 497/1/497 500/1/500 491/1/491 
f 502/1/502 503/1/503 504/1/504 
f 502/1/502 505/1/505 503/1/503 
f 504/1/504 490/1/490 489/1/489 
f 504/1/504 503/1/503 490/1/490 
f 501/1/501 504/1/504 500/1/500 
f 501/1/501 502/1/502 504/1/504 
f 500/1/500 489/1/489 491/1/491 
f 500/1/500 504/1/504 489/1/489 
f 473/1/473 506/1/506 492/1/492 
f 473/1/473 507/1/507 506/1/506 
f 507/1/507 508/1/508 506/1/506 
f 507/1/507 509/1/509 508/1/508 
f 492/1/492 510/1/510 494/1/494 
f 492/1/492 506/1/506 510/1/510 
f 506/1/506 511/1/511 510/1/510 
f 506/1/506 508/1/508 511/1/511 
f 512/1/512 513/1/176 514/1/513 
f 512/1/512 515/1/176 513/1/176 
f 514/1/513 516/1/514 517/1/515 
f 514/1/513 513/1/176 516/1/514 
f 509/1/509 514/1/513 508/1/508 
f 509/1/509 512/1/512 514/1/513 
f 508/1/508 517/1/515 511/1/511 
f 508/1/508 514/1/513 517/1/515 
f 518/1/516 519/1/517 520/1/518 
f 518/1/516 521/1/519 519/1/517 
f 521/1/519 522/1/520 519/1/517 
f 521/1/519 523/1/521 522/1/520 
f 520/1/518 517/1/515 516/1/514 
f 520/1/518 519/1/517 517/1/515 
f 519/1/517 511/1/511 517/1/515 
f 519/1/517 522/1/520 511/1/511 
f 524/1/522 498/1/498 525/1/523 
f 524/1/522 496/1/496 498/1/498 
f 525/1/523 494/1/494 510/1/510 
f 525/1/523 498/1/498 494/1/494 
f 523/1/521 525/1/523 522/1/520 
f 523/1/521 524/1/522 525/1/523 
f 522/1/520 510/1/510 511/1/511 
f 522/1/520 525/1/523 510/1/510 
f 433/1/433 526/1/524 436/1/436 
f 433/1/433 527/1/525 526/1/524 
f 527/1/525 528/1/526 526/1/524 
f 527/1/525 529/1/527 528/1/526 
f 436/1/436 530/1/528 438/1/438 
f 436/1/436 526/1/524 530/1/528 
f 526/1/524 531/1/529 530/1/528 
f 526/1/524 528/1/526 531/1/529 
f 532/1/530 533/1/531 534/1/532 
f 532/1/530 535/1/533 533/1/531 
f 534/1/532 536/1/534 537/1/535 
f 534/1/532 533/1/531 536/1/534 
f 529/1/527 534/1/532 528/1/526 
f 529/1/527 532/1/530 534/1/532 
f 528/1/526 537/1/535 531/1/529 
f 528/1/526 534/1/532 537/1/535 
f 538/1/536 539/1/537 540/1/538 
f 538/1/536 541/1/539 539/1/537 
f 541/1/539 542/1/540 539/1/537 
f 541/1/539 543/1/541 542/1/540 
f 540/1/538 537/1/535 536/1/534 
f 540/1/538 539/1/537 537/1/535 
f 539/1/537 531/1/529 537/1/535 
f 539/1/537 542/1/540 531/1/529 
f 544/1/542 439/1/439 545/1/543 
f 544/1/542 442/1/442 439/1/439 
f 545/1/543 438/1/438 530/1/528 
f 545/1/543 439/1/439 438/1/438 
f 543/1/541 545/1/543 542/1/540 
f 543/1/541 544/1/542 545/1/543 
f 542/1/540 530/1/528 531/1/529 
f 542/1/540 545/1/543 530/1/528 
f 546/1/544 547/1/545 548/1/546 
f 546/1/544 549/1/547 547/1/545 
f 549/1/547 550/1/548 547/1/545 
f 549/1/547 551/1/549 550/1/548 
f 548/1/546 552/1/550 553/1/551 
f 548/1/546 547/1/545 552/1/550 
f 547/1/545 554/1/552 552/1/550 
f 547/1/545 550/1/548 554/1/552 
f 555/1/553 556/1/554 557/1/555 
f 555/1/553 558/1/556 556/1/554 
f 557/1/555 559/1/557 560/1/558 
f 557/1/555 556/1/554 559/1/557 
f 551/1/549 557/1/555 550/1/548 
f 551/1/549 555/1/553 557/1/555 
f 550/1/548 560/1/558 554/1/552 
f 550/1/548 557/1/555 560/1/558 
f 1/1/1 561/1/559 562/1/560 
f 1/1/1 4/1/4 561/1/559 
f 4/1/4 563/1/561 561/1/559 
f 4/1/4 8/1/8 563/1/561 
f 562/1/560 560/1/558 559/1/557 
f 562/1/560 561/1/559 560/1/558 
f 561/1/559 554/1/552 560/1/558 
f 561/1/559 563/1/561 554/1/552 
f 24/1/24 564/1/562 565/1/563 
f 24/1/24 23/1/23 564/1/562 
f 565/1/563 553/1/551 552/1/550 
f 565/1/563 564/1/562 553/1/551 
f 8/1/8 565/1/563 563/1/561 
f 8/1/8 24/1/24 565/1/563 
f 563/1/561 552/1/550 554/1/552 
f 563/1/561 565/1/563 552/1/550 
f 566/1/564 567/1/565 568/1/566 
f 566/1/564 568/1/566 569/1/567 
f 567/1/565 570/1/568 571/1/569 
f 567/1/565 571/1/569 568/1/566 
f 569/1/567 568/1/566 572/1/570 
f 569/1/567 572/1/570 573/1/571 
f 568/1/566 571/1/569 574/1/572 
f 568/1/566 574/1/572 572/1/570 
f 575/1/573 576/1/574 577/1/575 
f 575/1/573 577/1/575 578/1/576 
f 578/1/576 577/1/575 579/1/577 
f 578/1/576 579/1/577 580/1/578 
f 570/1/568 575/1/573 578/1/576 
f 570/1/568 578/1/576 571/1/569 
f 571/1/569 578/1/576 580/1/578 
f 571/1/569 580/1/578 574/1/572 
f 505/1/505 502/1/502 581/1/579 
f 505/1/505 581/1/579 582/1/580 
f 502/1/502 501/1/501 583/1/581 
f 502/1/502 583/1/581 581/1/579 
f 582/1/580 581/1/579 580/1/578 
f 582/1/580 580/1/578 579/1/577 
f 581/1/579 583/1/581 574/1/572 
f 581/1/579 574/1/572 580/1/578 
f 499/1/499 496/1/496 584/1/582 
f 499/1/499 584/1/582 585/1/583 
f 585/1/583 584/1/582 573/1/571 
f 585/1/583 573/1/571 572/1/570 
f 501/1/501 499/1/499 585/1/583 
f 501/1/501 585/1/583 583/1/581 
f 583/1/581 585/1/583 572/1/570 
f 583/1/581 572/1/570 574/1/572 
# 0 polygons - 1008 triangles

#
# object cofre001
#

v  6.8464 -1.8053 3.3298
v  6.9094 -1.7879 3.0654
v  6.6995 -1.7303 3.0742
v  6.6468 -1.7497 3.3375
v  6.9809 -1.7696 2.7519
v  6.7590 -1.7097 2.7620
v  6.4775 -1.6695 3.0840
v  6.4347 -1.6906 3.3460
v  6.5256 -1.6467 2.7728
v  7.0555 -1.7522 2.3903
v  7.1275 -1.7373 1.9815
v  6.8817 -1.6727 1.9922
v  6.8210 -1.6898 2.4011
v  6.6257 -1.6054 2.0035
v  6.5760 -1.6246 2.4126
v  6.0723 -1.4599 2.0283
v  6.0420 -1.4825 2.4387
v  6.3173 -1.5558 2.4251
v  6.3569 -1.5347 2.0154
v  6.0120 -1.5081 2.7983
v  6.2776 -1.5798 2.7848
v  5.9838 -1.5341 3.1077
v  5.9589 -1.5581 3.3676
v  6.2066 -1.6270 3.3559
v  6.2400 -1.6043 3.0950
v  4.6220 -1.1971 3.4263
v  4.6254 -1.1711 3.1714
v  4.1454 -1.0487 3.1864
v  4.1440 -1.0749 3.4385
v  4.6294 -1.1425 2.8650
v  4.1470 -1.0199 2.8822
v  3.6137 -0.9161 3.1999
v  3.6133 -0.9423 3.4486
v  3.6142 -0.8872 2.8984
v  4.6336 -1.1140 2.5052
v  4.6379 -1.0880 2.0901
v  4.1504 -0.9651 2.1078
v  4.1486 -0.9912 2.5234
v  3.6151 -0.8323 2.1253
v  3.6146 -0.8584 2.5412
v  2.4610 -0.5548 2.1560
v  2.4605 -0.5806 2.5719
v  3.0468 -0.7200 2.5576
v  3.0470 -0.6941 2.1417
v  2.4600 -0.6094 2.9258
v  3.0466 -0.7488 2.9131
v  2.4595 -0.6384 3.2218
v  2.4592 -0.6647 3.4636
v  3.0463 -0.8041 3.4570
v  3.0464 -0.7778 3.2117
v  0.4243 -0.2082 3.4778
v  0.8157 -0.2939 3.4756
v  0.8171 -0.2676 3.2409
v  0.4258 -0.1819 3.2444
v  1.3088 -0.4030 3.4726
v  1.3098 -0.3767 3.2361
v  0.8189 -0.2385 2.9498
v  0.4278 -0.1527 2.9542
v  1.3112 -0.3476 2.9438
v  1.8683 -0.5288 3.4688
v  1.8690 -0.5025 3.2298
v  1.8699 -0.4735 2.9360
v  1.8720 -0.4189 2.1672
v  1.8709 -0.4447 2.5831
v  1.3145 -0.2931 2.1757
v  1.3128 -0.3188 2.5918
v  0.8230 -0.1839 2.1819
v  0.4322 -0.0979 2.1863
v  0.4300 -0.1237 2.6028
v  0.8209 -0.2096 2.5982
v  6.3943 -1.5190 1.5555
v  6.1014 -1.4427 1.5663
v  6.6719 -1.5914 1.5454
v  6.4259 -1.5083 1.0579
v  6.1261 -1.4306 1.0656
v  6.7104 -1.5820 1.0506
v  7.1916 -1.7268 1.5266
v  6.9368 -1.6604 1.5358
v  7.2432 -1.7200 1.0369
v  6.9820 -1.6524 1.0437
v  7.2907 -1.7154 -0.0000
v  7.0244 -1.6467 -0.0000
v  7.0127 -1.6480 0.5278
v  7.2777 -1.7164 0.5242
v  6.7470 -1.5752 -0.0000
v  6.7368 -1.5768 0.5314
v  6.4563 -1.5002 -0.0000
v  6.1503 -1.4213 -0.0000
v  6.1435 -1.4236 0.5392
v  6.4478 -1.5021 0.5352
v  3.0472 -0.6737 1.6621
v  2.4615 -0.5348 1.6745
v  3.6156 -0.8116 1.6479
v  3.0474 -0.6591 1.1346
v  2.4619 -0.5206 1.1437
v  3.6160 -0.7965 1.1242
v  4.6423 -1.0671 1.6176
v  4.1521 -0.9442 1.6328
v  4.6460 -1.0518 1.1023
v  4.1536 -0.9288 1.1132
v  4.6497 -1.0390 -0.0000
v  4.1551 -0.9161 -0.0000
v  4.1547 -0.9193 0.5640
v  4.6487 -1.0422 0.5583
v  3.6164 -0.7842 -0.0000
v  3.6163 -0.7873 0.5698
v  3.0475 -0.6472 -0.0000
v  2.4622 -0.5092 -0.0000
v  2.4621 -0.5120 0.5800
v  3.0475 -0.6502 0.5753
v  0.8247 -0.1643 1.6967
v  0.4340 -0.0784 1.7004
v  1.3159 -0.2735 1.6914
v  0.8261 -0.1507 1.1598
v  0.4354 -0.0648 1.1625
v  1.3169 -0.2597 1.1560
v  1.8729 -0.3992 1.6841
v  1.8736 -0.3852 1.1507
v  1.8743 -0.3742 -0.0000
v  1.8741 -0.3769 0.5837
v  1.3180 -0.2489 -0.0000
v  1.3177 -0.2516 0.5865
v  0.8274 -0.1401 -0.0000
v  0.4366 -0.0544 -0.0000
v  0.4363 -0.0569 0.5899
v  0.8270 -0.1427 0.5885
v  7.3808 -2.0276 3.7838
v  7.2458 -2.0351 4.0337
v  7.4280 -2.0449 3.7692
v  7.1963 -2.0184 4.0494
v  7.0907 -2.0222 4.2195
v  7.0560 -2.0084 4.2241
v  7.2649 -2.0457 4.0283
v  7.4465 -2.0553 3.7629
v  7.1066 -2.0321 4.2179
v  6.9439 -1.9986 4.3483
v  6.8731 -1.9981 4.4314
v  6.9655 -2.0091 4.3478
v  6.8617 -1.9906 4.4314
v  6.8787 -2.0052 4.4315
v  6.9762 -2.0176 4.3477
v  6.8799 -2.0185 4.4320
v  6.9796 -2.0249 4.3479
v  6.8803 -2.0119 4.4318
v  6.9792 -2.0314 4.3481
v  7.1117 -2.0398 4.2175
v  7.1114 -2.0464 4.2177
v  7.2710 -2.0602 4.0267
v  7.4525 -2.0632 3.7609
v  7.2711 -2.0536 4.0266
v  7.4525 -2.0698 3.7610
v  8.1815 -2.0284 2.0073
v  8.0337 -2.0430 2.5046
v  8.1954 -2.0373 2.0147
v  8.0239 -2.0340 2.4891
v  7.8436 -2.0477 2.9728
v  7.8366 -2.0381 2.9493
v  8.0386 -2.0508 2.5123
v  8.2023 -2.0451 2.0183
v  7.8491 -2.0559 2.9813
v  7.6260 -2.0376 3.3769
v  7.6345 -2.0487 3.4049
v  7.6464 -2.0581 3.4061
v  7.6504 -2.0656 3.4065
v  7.6504 -2.0722 3.4065
v  7.8509 -2.0631 2.9842
v  7.8509 -2.0697 2.9842
v  8.0402 -2.0644 2.5149
v  8.2046 -2.0521 2.0196
v  8.0402 -2.0578 2.5149
v  8.2046 -2.0587 2.0196
v  -0.0837 0.0109 2.1921
v  -0.1039 0.0309 1.7053
v  -0.1033 0.0112 2.1920
v  -0.0842 0.0305 1.7053
v  -0.1047 0.0444 1.1661
v  -0.0848 0.0439 1.1660
v  -0.1135 0.0280 1.7052
v  -0.1130 0.0082 2.1916
v  -0.1142 0.0416 1.1661
v  -0.0854 0.0516 0.5917
v  -0.1056 0.0546 -0.0000
v  -0.1053 0.0522 0.5918
v  -0.0856 0.0540 -0.0000
v  -0.1149 0.0521 -0.0000
v  -0.1147 0.0496 0.5918
v  -0.1156 0.0418 -0.0000
v  -0.1169 0.0449 0.5918
v  -0.1171 0.0475 -0.0000
v  -0.1156 0.0392 0.5918
v  -0.1166 0.0368 1.1661
v  -0.1156 0.0309 1.1660
v  -0.1156 0.0168 1.7048
v  -0.1160 0.0030 2.1911
v  -0.1163 0.0229 1.7050
v  -0.1156 -0.0033 2.1904
v  -0.0847 -0.1578 3.9443
v  -0.1033 -0.1484 3.8824
v  -0.1032 -0.1569 3.9437
v  -0.0847 -0.1487 3.8833
v  -0.1033 -0.1369 3.7895
v  -0.0848 -0.1370 3.7906
v  -0.1125 -0.1512 3.8813
v  -0.1125 -0.1592 3.9430
v  -0.1126 -0.1399 3.7879
v  -0.0848 -0.1214 3.6590
v  -0.1032 -0.1008 3.4796
v  -0.1033 -0.1214 3.6576
v  -0.0847 -0.1009 3.4810
v  -0.1125 -0.1039 3.4775
v  -0.1126 -0.1245 3.6557
v  -0.1156 -0.1154 3.4721
v  -0.1156 -0.1297 3.6533
v  -0.1156 -0.1091 3.4749
v  -0.1156 -0.1360 3.6507
v  -0.1156 -0.1451 3.7861
v  -0.1156 -0.1515 3.7841
v  -0.1156 -0.1625 3.8788
v  -0.1156 -0.1639 3.9424
v  -0.1156 -0.1562 3.8801
v  -0.1156 -0.1698 3.9417
v  6.7679 -1.9815 4.5261
v  6.7666 -1.9853 4.5267
v  6.7679 -1.9856 4.5261
v  6.7666 -1.9812 4.5266
v  6.7652 -1.9852 4.5272
v  6.7653 -1.9812 4.5272
v  6.7666 -1.9907 4.5267
v  6.7679 -1.9910 4.5261
v  6.7651 -1.9905 4.5273
v  6.7641 -1.9819 4.5276
v  6.7629 -1.9856 4.5281
v  6.7639 -1.9855 4.5277
v  6.7633 -1.9829 4.5279
v  6.7625 -1.9901 4.5282
v  6.7637 -1.9903 4.5278
v  6.7621 -2.0026 4.5284
v  6.7635 -1.9963 4.5279
v  6.7623 -1.9960 4.5283
v  6.7633 -2.0028 4.5280
v  6.7650 -1.9966 4.5273
v  6.7649 -2.0032 4.5274
v  6.7664 -2.0035 4.5268
v  6.7679 -1.9972 4.5262
v  6.7665 -1.9969 4.5267
v  6.7678 -2.0038 4.5262
v  5.7691 -1.3802 2.0422
v  5.7472 -1.4041 2.4538
v  5.4363 -1.2932 2.0572
v  5.4217 -1.3180 2.4701
v  5.7258 -1.4308 2.8136
v  5.4075 -1.3456 2.8302
v  5.0629 -1.1966 2.0732
v  5.0542 -1.2221 2.4873
v  5.0458 -1.2503 2.8475
v  5.0310 -1.3044 3.4121
v  5.0379 -1.2786 3.1553
v  5.3825 -1.3989 3.3968
v  5.3942 -1.3734 3.1387
v  5.6880 -1.4828 3.3816
v  5.7057 -1.4579 3.1226
v  6.7561 -1.9556 4.4346
v  6.6851 -1.9192 4.3582
v  6.7238 -1.9464 4.4366
v  6.7455 -1.9367 4.3554
v  6.6406 -1.8863 4.2565
v  6.7347 -1.9135 4.2526
v  6.6279 -1.9032 4.3613
v  6.6932 -1.9381 4.4389
v  6.5490 -1.8602 4.2605
v  6.7274 -1.8892 4.1329
v  6.5710 -1.8214 4.0086
v  6.5995 -1.8522 4.1378
v  6.7274 -1.8666 4.0029
v  6.4047 -1.7734 4.0148
v  6.4681 -1.8144 4.1430
v  5.9924 -1.6554 4.0324
v  6.3318 -1.7757 4.1486
v  6.2219 -1.7210 4.0222
v  6.2201 -1.7461 4.1575
v  6.4636 -1.8367 4.2643
v  6.3960 -1.8197 4.2685
v  6.5393 -1.8817 4.3664
v  6.6664 -1.9319 4.4411
v  6.5779 -1.8902 4.3641
v  6.6457 -1.9286 4.4430
v  6.9077 -1.9855 4.3494
v  6.8425 -1.9824 4.4317
v  6.9943 -1.9891 4.2336
v  6.8602 -1.9704 4.3509
v  6.8173 -1.9738 4.4322
v  6.9149 -1.9659 4.2433
v  7.1932 -1.9915 3.9175
v  7.0988 -1.9924 4.0821
v  7.0341 -1.9528 3.9744
v  6.9765 -1.9603 4.1142
v  6.8529 -1.9255 4.1281
v  6.8803 -1.9108 3.9972
v  6.8272 -1.9404 4.2489
v  6.7879 -1.9648 4.4332
v  6.8050 -1.9539 4.3529
v  7.4619 -1.9630 3.2119
v  7.5599 -1.9655 3.0347
v  7.4473 -1.9331 3.0279
v  7.3594 -1.9415 3.2641
v  7.6875 -1.9639 2.7473
v  7.5581 -1.9263 2.7334
v  7.2929 -1.8924 3.0457
v  7.2107 -1.9051 3.3045
v  7.3902 -1.8802 2.7354
v  7.8175 -1.9585 2.3819
v  7.9374 -1.9520 1.9595
v  7.7811 -1.9098 1.9584
v  7.6732 -1.9179 2.3726
v  7.5874 -1.8583 1.9628
v  7.4914 -1.8684 2.3729
v  7.2822 -1.8125 2.3799
v  7.3661 -1.8000 1.9711
v  7.1946 -1.8272 2.7423
v  7.0370 -1.8584 3.3226
v  7.1104 -1.8430 3.0570
v  7.4389 -1.7912 1.5176
v  7.6686 -1.8511 1.5097
v  7.4963 -1.7856 1.0304
v  7.7314 -1.8465 1.0244
v  8.0345 -1.9472 1.5012
v  7.8705 -1.9040 1.5040
v  8.1068 -1.9440 1.0158
v  7.9382 -1.9002 1.0194
v  8.1678 -1.9417 -0.0000
v  7.9967 -1.8975 -0.0000
v  7.9813 -1.8981 0.5147
v  8.1520 -1.9422 0.5124
v  7.7868 -1.8434 -0.0000
v  7.7720 -1.8441 0.5175
v  7.5482 -1.7819 -0.0000
v  7.5342 -1.7827 0.5208
v  4.6142 -1.2591 3.9925
v  4.1406 -1.1460 4.0423
v  4.6135 -1.2684 4.0416
v  4.1409 -1.1368 3.9943
v  3.6125 -1.0132 4.0391
v  3.6126 -1.0040 3.9925
v  4.1405 -1.1541 4.0663
v  4.6132 -1.2764 4.0662
v  3.6125 -1.0212 4.0624
v  3.0463 -0.8653 3.9877
v  2.4593 -0.7344 4.0246
v  3.0463 -0.8744 4.0328
v  2.4592 -0.7254 3.9811
v  2.4593 -0.7423 4.0464
v  3.0463 -0.8824 4.0554
v  2.4592 -0.7563 4.0536
v  3.0463 -0.8895 4.0629
v  2.4592 -0.7495 4.0536
v  3.0463 -0.8963 4.0629
v  3.6125 -1.0283 4.0701
v  3.6125 -1.0351 4.0701
v  4.1404 -1.1681 4.0743
v  4.6130 -1.2836 4.0744
v  4.1404 -1.1613 4.0743
v  4.6130 -1.2904 4.0744
v  1.8684 -0.5978 4.0153
v  1.8683 -0.5889 3.9734
v  1.3090 -0.4713 4.0059
v  1.3088 -0.4625 3.9654
v  1.8684 -0.6057 4.0363
v  1.3090 -0.4791 4.0261
v  0.8158 -0.3529 3.9580
v  0.4246 -0.2753 3.9901
v  0.8160 -0.3616 3.9972
v  0.4244 -0.2667 3.9520
v  0.4246 -0.2830 4.0091
v  0.8160 -0.3693 4.0167
v  0.4243 -0.2968 4.0154
v  0.8159 -0.3764 4.0233
v  0.4245 -0.2901 4.0154
v  0.8157 -0.3832 4.0233
v  1.3089 -0.4862 4.0329
v  1.3088 -0.4930 4.0328
v  1.8683 -0.6196 4.0433
v  1.8684 -0.6128 4.0433
v  -0.1032 -0.1637 3.9804
v  -0.0846 -0.1654 3.9809
v  -0.1125 -0.1651 3.9800
v  -0.1032 -0.1694 3.9988
v  -0.0846 -0.1721 3.9991
v  -0.1101 -0.1689 3.9938
v  -0.1156 -0.1743 3.9795
v  -0.1156 -0.1690 3.9797
v  -0.1125 -0.1773 3.9984
v  -0.1125 -0.1724 3.9985
v  -0.0847 -0.1844 4.0052
v  -0.1032 -0.1749 4.0049
v  -0.1032 -0.1802 4.0049
v  -0.0847 -0.1784 4.0052
v  5.6636 -1.5634 4.0482
v  5.9310 -1.6506 4.0894
v  5.6752 -1.5555 3.9928
v  5.3586 -1.4724 4.0350
v  5.3629 -1.4634 3.9833
v  5.6492 -1.5683 4.0740
v  5.9079 -1.6529 4.1123
v  5.3543 -1.4796 4.0605
v  5.0154 -1.3663 3.9860
v  5.0140 -1.3756 4.0360
v  5.0133 -1.3836 4.0611
v  5.0131 -1.3909 4.0694
v  5.0131 -1.3976 4.0694
v  5.3528 -1.4866 4.0689
v  5.3528 -1.4934 4.0689
v  5.6444 -1.5812 4.0826
v  5.9002 -1.6581 4.1200
v  5.6444 -1.5744 4.0826
v  5.9002 -1.6649 4.1200
v  6.5162 -1.8793 4.3678
v  6.6333 -1.9293 4.4442
v  6.3579 -1.8134 4.2734
v  6.5047 -1.8814 4.3687
v  6.6272 -1.9331 4.4450
v  6.3403 -1.8143 4.2775
v  6.1626 -1.7356 4.1725
v  6.1398 -1.7365 4.1861
v  6.1322 -1.7414 4.1907
v  6.1323 -1.7481 4.1908
v  6.3345 -1.8192 4.2789
v  6.3345 -1.8259 4.2791
v  6.5009 -1.8933 4.3693
v  6.6252 -1.9388 4.4454
v  6.5009 -1.8866 4.3691
v  6.6252 -1.9455 4.4456
v  6.7584 -2.0013 4.5274
v  6.7600 -1.9954 4.5281
v  6.7586 -1.9947 4.5273
v  6.7599 -2.0019 4.5283
v  6.7609 -1.9957 4.5286
v  6.7607 -2.0023 4.5287
v  6.7603 -1.9892 4.5280
v  6.7589 -1.9886 4.5270
v  6.7612 -1.9896 4.5284
v  6.7613 -2.0025 4.5287
v  6.7615 -1.9959 4.5286
v  6.7618 -1.9899 4.5285
v  6.7623 -1.9851 4.5283
v  6.7630 -1.9816 4.5280
v  6.7617 -1.9844 4.5282
v  6.7625 -1.9806 4.5278
v  6.7617 -1.9800 4.5273
v  6.7594 -1.9833 4.5267
v  6.7609 -1.9839 4.5277
v  6.7604 -1.9794 4.5262
v  6.7631 -1.9777 4.5268
v  6.7619 -1.9772 4.5256
v  6.7637 -1.9784 4.5274
v  6.7646 -1.9768 4.5261
v  6.7638 -1.9763 4.5248
v  6.7651 -1.9775 4.5269
v  6.7640 -1.9797 4.5276
v  6.7653 -1.9788 4.5271
v  6.7666 -1.9787 4.5266
v  6.7679 -1.9790 4.5261
v  6.7665 -1.9774 4.5263
v  6.7678 -1.9777 4.5258
v  6.7678 -1.9771 4.5250
v  6.7658 -1.9763 4.5240
v  6.7663 -1.9768 4.5255
v  6.7676 -1.9767 4.5234
v  6.7689 -1.9773 4.5246
v  6.7692 -1.9771 4.5230
v  6.7688 -1.9778 4.5254
v  6.7697 -1.9779 4.5243
v  6.7704 -1.9778 4.5228
v  6.7693 -1.9783 4.5250
v  6.7688 -1.9816 4.5257
v  6.7688 -1.9791 4.5257
v  6.7696 -1.9818 4.5251
v  6.7695 -1.9792 4.5251
v  6.7720 -1.9820 4.5227
v  6.7703 -1.9793 4.5242
v  6.7706 -1.9819 4.5242
v  6.7713 -1.9793 4.5227
v  6.7708 -1.9860 4.5242
v  6.7723 -1.9862 4.5228
v  6.7697 -1.9859 4.5251
v  6.7708 -1.9914 4.5242
v  6.7724 -1.9916 4.5228
v  6.7698 -1.9913 4.5251
v  6.7689 -1.9858 4.5257
v  6.7689 -1.9912 4.5257
v  6.7689 -1.9973 4.5257
v  6.7688 -2.0039 4.5257
v  6.7698 -1.9975 4.5251
v  6.7698 -2.0041 4.5251
v  6.7708 -2.0042 4.5242
v  6.7724 -1.9978 4.5229
v  6.7708 -1.9976 4.5242
v  6.7724 -2.0044 4.5229
v  6.7013 -1.9707 4.4921
v  6.7013 -1.9774 4.4923
v  6.7410 -1.9874 4.5165
v  6.7410 -1.9940 4.5167
v  6.7022 -1.9647 4.4917
v  6.7414 -1.9812 4.5161
v  6.7561 -2.0004 4.5260
v  6.7562 -1.9937 4.5258
v  6.7564 -1.9875 4.5255
v  6.7571 -1.9823 4.5251
v  6.7582 -1.9783 4.5245
v  6.7427 -1.9761 4.5156
v  6.7451 -1.9725 4.5148
v  6.7110 -1.9574 4.4901
v  6.7051 -1.9600 4.4911
v  6.7207 -1.9575 4.4886
v  6.7491 -1.9710 4.5137
v  6.7332 -1.9596 4.4868
v  6.7542 -1.9710 4.5123
v  6.7600 -1.9762 4.5236
v  6.7624 -1.9754 4.5226
v  6.7649 -1.9756 4.5216
v  6.7674 -1.9761 4.5209
v  6.7600 -1.9720 4.5111
v  6.7660 -1.9736 4.5101
v  6.7626 -1.9673 4.4837
v  6.7475 -1.9631 4.4851
v  6.7773 -1.9715 4.4829
v  6.7718 -1.9752 4.5096
v  6.7909 -1.9759 4.4825
v  6.7769 -1.9771 4.5094
v  6.7696 -1.9767 4.5205
v  6.7715 -1.9776 4.5203
v  6.7730 -1.9793 4.5203
v  6.7740 -1.9822 4.5205
v  6.7813 -1.9797 4.5095
v  6.7845 -1.9831 4.5097
v  6.8112 -1.9857 4.4826
v  6.8024 -1.9806 4.4825
v  6.8163 -1.9914 4.4828
v  6.7864 -1.9879 4.5099
v  6.8187 -1.9975 4.4830
v  6.7872 -1.9935 4.5101
v  6.7746 -1.9865 4.5206
v  6.7748 -1.9919 4.5208
v  6.7748 -1.9981 4.5209
v  6.7746 -2.0047 4.5210
v  6.7873 -1.9998 4.5103
v  6.7870 -2.0063 4.5105
v  6.8190 -2.0105 4.4835
v  6.8193 -2.0040 4.4833
v  0.8155 -0.3429 3.8929
v  0.4240 -0.2568 3.8886
v  1.3086 -0.4523 3.8980
v  0.8152 -0.3305 3.7950
v  0.4237 -0.2445 3.7930
v  1.3084 -0.4398 3.7975
v  2.4591 -0.7149 3.9086
v  1.8682 -0.5786 3.9035
v  2.4591 -0.7020 3.8017
v  1.8680 -0.5658 3.7999
v  1.8680 -0.5496 3.6569
v  2.4591 -0.6856 3.6551
v  1.3084 -0.4237 3.6578
v  0.4237 -0.2287 3.6584
v  0.8152 -0.3145 3.6581
v  3.0462 -0.8251 3.6522
v  3.0462 -0.8416 3.8024
v  3.6130 -0.9634 3.6476
v  3.6128 -0.9800 3.8014
v  3.0463 -0.8547 3.9126
v  3.6127 -0.9933 3.9148
v  4.1413 -1.1260 3.9144
v  4.6153 -1.2482 3.9106
v  4.1420 -1.1126 3.7981
v  4.6170 -1.2348 3.7917
v  4.6192 -1.2181 3.6317
v  4.1429 -1.0959 3.6409
v  5.0254 -1.3253 3.6196
v  5.0210 -1.3420 3.7817
v  5.3730 -1.4195 3.6059
v  5.3667 -1.4366 3.7706
v  5.0177 -1.3554 3.9025
v  5.3645 -1.4513 3.8957
v  5.6718 -1.5400 3.8956
v  5.9409 -1.6191 3.8959
v  5.6668 -1.5211 3.7606
v  5.9301 -1.5966 3.7513
v  5.9385 -1.5776 3.5787
v  5.6736 -1.5029 3.5918
v  6.1794 -1.6455 3.5679
v  6.1659 -1.6639 3.7422
v  6.4002 -1.7078 3.5589
v  6.3794 -1.7247 3.7338
v  6.1733 -1.6864 3.8902
v  6.3780 -1.7451 3.8821
v  6.5642 -1.7986 3.8754
v  6.7386 -1.8488 3.8692
v  6.5764 -1.7809 3.7267
v  6.7617 -1.8338 3.7201
v  6.7974 -1.8200 3.5442
v  6.6048 -1.7656 3.5511
v  7.3130 -1.9546 3.4504
v  7.4643 -1.9793 3.3219
v  7.1548 -1.9182 3.5125
v  7.2843 -1.9694 3.6091
v  7.4565 -1.9967 3.4557
v  7.1139 -1.9310 3.6844
v  6.9818 -1.8721 3.5376
v  6.9403 -1.8848 3.7138
v  6.9079 -1.8975 3.8630
v  7.0768 -1.9428 3.8348
v  7.4329 -2.0120 3.5984
v  7.2497 -1.9828 3.7623
v  8.1505 -1.9782 1.5023
v  8.0459 -1.9823 1.9681
v  8.2277 -1.9996 1.5058
v  8.1163 -2.0035 1.9809
v  8.2271 -1.9753 1.0140
v  8.3081 -1.9969 1.0135
v  8.1583 -2.0180 1.9950
v  8.3029 -2.0245 1.5148
v  8.2754 -2.0141 1.5105
v  8.3887 -2.0220 1.0143
v  8.3589 -2.0116 1.0137
v  8.4565 -2.0203 -0.0000
v  8.4089 -2.0102 0.5089
v  8.4397 -2.0207 0.5085
v  8.4255 -2.0098 -0.0000
v  8.3567 -1.9955 0.5096
v  8.3732 -1.9951 -0.0000
v  8.2903 -1.9733 -0.0000
v  8.2741 -1.9738 0.5107
v  7.6323 -2.0249 3.2957
v  7.8299 -2.0269 2.9015
v  7.6353 -2.0095 3.1922
v  7.8112 -2.0121 2.8431
v  8.0076 -2.0234 2.4634
v  7.9745 -2.0089 2.4330
v  7.9146 -1.9880 2.4040
v  7.7678 -1.9918 2.7878
v  7.6168 -1.9903 3.0974
v  0.1691 -0.1730 3.6589
v  0.1697 -0.1525 3.4796
v  0.0203 -0.1408 3.6593
v  0.0207 -0.1203 3.4808
v  0.1691 -0.1887 3.7920
v  0.0203 -0.1564 3.7915
v  -0.0537 -0.1053 3.4813
v  -0.0540 -0.1258 3.6594
v  -0.0540 -0.1414 3.7912
v  -0.0539 -0.1533 3.8839
v  -0.0537 -0.1627 3.9449
v  0.0205 -0.1685 3.8846
v  0.0208 -0.1781 3.9460
v  0.1698 -0.2106 3.9482
v  0.1694 -0.2008 3.8861
v  0.1699 -0.2192 3.9855
v  0.0209 -0.1865 3.9828
v  0.1699 -0.2268 4.0041
v  0.0209 -0.1941 4.0012
v  -0.0536 -0.1708 3.9815
v  -0.0536 -0.1781 3.9998
v  -0.0537 -0.1848 4.0059
v  -0.0537 -0.1913 4.0059
v  0.0208 -0.2011 4.0074
v  0.0207 -0.2078 4.0074
v  0.1697 -0.2407 4.0103
v  0.1698 -0.2339 4.0103
v  0.1710 -0.1261 3.2471
v  0.1728 -0.0968 2.9573
v  0.0217 -0.0938 3.2488
v  0.0231 -0.0644 2.9592
v  0.1766 -0.0419 2.1892
v  0.1748 -0.0677 2.6060
v  0.0257 -0.0092 2.1910
v  0.0245 -0.0352 2.6080
v  -0.0514 -0.0198 2.6089
v  -0.0509 0.0062 2.1919
v  -0.0837 -0.0151 2.6090
v  -0.0522 -0.0491 2.9601
v  -0.0840 -0.0446 2.9601
v  -0.0844 -0.0743 3.2494
v  -0.0531 -0.0787 3.2496
v  -0.1031 -0.0741 3.2482
v  -0.1030 -0.0444 2.9593
v  -0.1125 -0.0772 3.2464
v  -0.1125 -0.0475 2.9579
v  -0.1031 -0.0149 2.6086
v  -0.1126 -0.0180 2.6078
v  -0.1158 -0.0233 2.6066
v  -0.1156 -0.0296 2.6053
v  -0.1157 -0.0528 2.9561
v  -0.1156 -0.0591 2.9540
v  -0.1156 -0.0887 3.2414
v  -0.1156 -0.0824 3.2440
v  8.4582 -2.0295 0.5082
v  8.4750 -2.0292 -0.0000
v  8.4066 -2.0309 1.0147
v  8.4674 -2.0373 0.5081
v  8.4843 -2.0370 -0.0000
v  8.4155 -2.0386 1.0148
v  8.3194 -2.0334 1.5174
v  8.3276 -2.0411 1.5187
v  8.3303 -2.0481 1.5191
v  8.3303 -2.0547 1.5191
v  8.4185 -2.0456 1.0149
v  8.4185 -2.0522 1.0149
v  8.4705 -2.0509 0.5081
v  8.4874 -2.0440 -0.0000
v  8.4705 -2.0443 0.5081
v  8.4874 -2.0505 -0.0000
v  5.0844 -1.1520 0.5530
v  5.0865 -1.1488 -0.0000
v  5.0790 -1.1612 1.0921
v  5.4720 -1.2506 0.5481
v  5.4755 -1.2477 -0.0000
v  5.4631 -1.2593 1.0827
v  5.0715 -1.1762 1.6035
v  5.4507 -1.2735 1.5902
v  5.7904 -1.3616 1.5778
v  5.8087 -1.3484 1.0739
v  5.8267 -1.3378 -0.0000
v  5.8216 -1.3405 0.5435
v  -0.0512 0.0468 0.5916
v  -0.0513 0.0492 -0.0000
v  -0.0509 0.0391 1.1658
v  0.0272 0.0314 0.5913
v  0.0272 0.0339 -0.0000
v  0.0270 0.0237 1.1652
v  -0.0508 0.0257 1.7050
v  0.0265 0.0102 1.7043
v  0.1780 -0.0223 1.7028
v  0.1791 -0.0088 1.1642
v  0.1798 0.0015 -0.0000
v  0.1797 -0.0010 0.5908
v  6.8464 -1.8053 -3.3299
v  6.6468 -1.7496 -3.3376
v  6.6995 -1.7303 -3.0743
v  6.9094 -1.7879 -3.0655
v  6.4347 -1.6906 -3.3461
v  6.4775 -1.6695 -3.0840
v  6.7590 -1.7097 -2.7620
v  6.9809 -1.7696 -2.7520
v  6.5256 -1.6467 -2.7729
v  6.2066 -1.6270 -3.3560
v  5.9589 -1.5581 -3.3677
v  5.9838 -1.5341 -3.1078
v  6.2400 -1.6043 -3.0951
v  6.0120 -1.5081 -2.7984
v  6.2776 -1.5798 -2.7849
v  6.0723 -1.4599 -2.0283
v  6.3569 -1.5347 -2.0155
v  6.3173 -1.5558 -2.4252
v  6.0420 -1.4825 -2.4388
v  6.6257 -1.6054 -2.0035
v  6.5760 -1.6246 -2.4127
v  6.8817 -1.6727 -1.9923
v  7.1275 -1.7373 -1.9816
v  7.0555 -1.7522 -2.3904
v  6.8210 -1.6898 -2.4012
v  4.6220 -1.1971 -3.4264
v  4.1440 -1.0749 -3.4386
v  4.1454 -1.0487 -3.1864
v  4.6254 -1.1711 -3.1715
v  3.6134 -0.9423 -3.4487
v  3.6137 -0.9161 -3.1999
v  4.1470 -1.0199 -2.8822
v  4.6294 -1.1425 -2.8651
v  3.6142 -0.8872 -2.8985
v  3.0463 -0.8041 -3.4570
v  2.4592 -0.6647 -3.4637
v  2.4595 -0.6384 -3.2219
v  3.0464 -0.7778 -3.2118
v  2.4600 -0.6094 -2.9259
v  3.0466 -0.7488 -2.9132
v  2.4610 -0.5548 -2.1561
v  3.0470 -0.6941 -2.1418
v  3.0468 -0.7200 -2.5577
v  2.4605 -0.5806 -2.5719
v  3.6151 -0.8323 -2.1254
v  3.6146 -0.8584 -2.5412
v  4.1504 -0.9651 -2.1078
v  4.6379 -1.0880 -2.0901
v  4.6336 -1.1140 -2.5053
v  4.1486 -0.9912 -2.5235
v  0.4243 -0.2082 -3.4779
v  0.4258 -0.1819 -3.2445
v  0.8171 -0.2676 -3.2409
v  0.8157 -0.2939 -3.4757
v  0.4278 -0.1527 -2.9543
v  0.8189 -0.2385 -2.9499
v  1.3098 -0.3767 -3.2362
v  1.3088 -0.4030 -3.4727
v  1.3112 -0.3476 -2.9439
v  0.4300 -0.1237 -2.6029
v  0.4322 -0.0979 -2.1864
v  0.8230 -0.1839 -2.1820
v  0.8209 -0.2096 -2.5983
v  1.3145 -0.2931 -2.1758
v  1.3128 -0.3188 -2.5919
v  1.8709 -0.4447 -2.5832
v  1.8720 -0.4189 -2.1673
v  1.8699 -0.4735 -2.9360
v  1.8683 -0.5288 -3.4688
v  1.8690 -0.5025 -3.2299
v  6.1014 -1.4427 -1.5664
v  6.3943 -1.5190 -1.5556
v  6.1261 -1.4306 -1.0657
v  6.4259 -1.5083 -1.0580
v  6.6720 -1.5914 -1.5455
v  6.7104 -1.5820 -1.0507
v  6.1435 -1.4236 -0.5393
v  6.4478 -1.5021 -0.5353
v  6.7368 -1.5768 -0.5315
v  7.2777 -1.7164 -0.5243
v  7.0127 -1.6480 -0.5278
v  7.2432 -1.7200 -1.0370
v  6.9820 -1.6524 -1.0437
v  7.1916 -1.7268 -1.5266
v  6.9368 -1.6604 -1.5359
v  2.4615 -0.5348 -1.6746
v  3.0472 -0.6737 -1.6622
v  2.4619 -0.5206 -1.1438
v  3.0474 -0.6591 -1.1347
v  3.6156 -0.8116 -1.6479
v  3.6160 -0.7965 -1.1243
v  2.4621 -0.5120 -0.5801
v  3.0475 -0.6502 -0.5753
v  3.6163 -0.7873 -0.5699
v  4.6487 -1.0422 -0.5583
v  4.1547 -0.9193 -0.5641
v  4.6460 -1.0518 -1.1024
v  4.1536 -0.9288 -1.1133
v  4.6423 -1.0671 -1.6177
v  4.1521 -0.9442 -1.6328
v  0.4340 -0.0784 -1.7005
v  0.8247 -0.1643 -1.6968
v  0.4354 -0.0648 -1.1626
v  0.8261 -0.1507 -1.1599
v  1.3159 -0.2735 -1.6915
v  1.3169 -0.2597 -1.1561
v  0.4363 -0.0569 -0.5900
v  0.8270 -0.1427 -0.5886
v  1.3177 -0.2516 -0.5866
v  1.8741 -0.3769 -0.5838
v  1.8736 -0.3852 -1.1508
v  1.8729 -0.3992 -1.6842
v  -0.0837 0.0109 -2.1922
v  -0.1039 0.0309 -1.7054
v  -0.0842 0.0305 -1.7054
v  -0.1033 0.0112 -2.1921
v  -0.1135 0.0280 -1.7053
v  -0.1130 0.0082 -2.1917
v  -0.1047 0.0444 -1.1662
v  -0.0848 0.0439 -1.1661
v  -0.1142 0.0416 -1.1662
v  -0.1160 0.0030 -2.1912
v  -0.1156 0.0168 -1.7048
v  -0.1163 0.0229 -1.7051
v  -0.1156 -0.0033 -2.1905
v  -0.1156 0.0309 -1.1661
v  -0.1166 0.0368 -1.1661
v  -0.1169 0.0449 -0.5919
v  -0.1156 0.0392 -0.5919
v  -0.1147 0.0496 -0.5919
v  -0.0854 0.0516 -0.5918
v  -0.1053 0.0522 -0.5919
# 865 vertices

vn 0.2702 0.9544 0.1266
vn 0.2672 0.9559 0.1216
vn 0.2673 0.9562 0.1189
vn 0.2708 0.9546 0.1242
vn 0.2635 0.9586 0.1083
vn 0.2636 0.9588 0.1059
vn 0.2675 0.9565 0.1160
vn 0.2711 0.9549 0.1211
vn 0.2638 0.9590 0.1033
vn 0.2598 0.9614 0.0904
vn 0.2565 0.9640 0.0699
vn 0.2565 0.9641 0.0683
vn 0.2599 0.9616 0.0883
vn 0.2566 0.9642 0.0665
vn 0.2600 0.9618 0.0861
vn 0.2566 0.9645 0.0621
vn 0.2610 0.9619 0.0812
vn 0.2601 0.9619 0.0838
vn 0.2566 0.9644 0.0647
vn 0.2650 0.9593 0.0976
vn 0.2640 0.9593 0.1005
vn 0.2689 0.9569 0.1096
vn 0.2720 0.9554 0.1147
vn 0.2713 0.9553 0.1178
vn 0.2678 0.9568 0.1129
vn 0.2522 0.9623 0.1020
vn 0.2514 0.9630 0.0975
vn 0.2460 0.9644 0.0970
vn 0.2460 0.9639 0.1015
vn 0.2503 0.9643 0.0864
vn 0.2458 0.9655 0.0855
vn 0.2404 0.9657 0.0976
vn 0.2400 0.9654 0.1024
vn 0.2407 0.9668 0.0856
vn 0.2489 0.9659 0.0714
vn 0.2475 0.9674 0.0540
vn 0.2440 0.9683 0.0530
vn 0.2451 0.9669 0.0702
vn 0.2398 0.9694 0.0519
vn 0.2405 0.9681 0.0697
vn 0.2286 0.9722 0.0507
vn 0.2288 0.9710 0.0700
vn 0.2352 0.9695 0.0697
vn 0.2347 0.9707 0.0512
vn 0.2284 0.9697 0.0873
vn 0.2351 0.9681 0.0863
vn 0.2277 0.9685 0.1005
vn 0.2271 0.9681 0.1057
vn 0.2340 0.9667 0.1039
vn 0.2346 0.9671 0.0989
vn 0.2133 0.9707 0.1110
vn 0.2143 0.9706 0.1100
vn 0.2148 0.9711 0.1043
vn 0.2139 0.9712 0.1050
vn 0.2171 0.9701 0.1088
vn 0.2177 0.9705 0.1032
vn 0.2155 0.9724 0.0899
vn 0.2145 0.9725 0.0904
vn 0.2183 0.9718 0.0892
vn 0.2213 0.9693 0.1074
vn 0.2219 0.9697 0.1019
vn 0.2225 0.9709 0.0883
vn 0.2229 0.9735 0.0506
vn 0.2229 0.9723 0.0704
vn 0.2189 0.9744 0.0506
vn 0.2187 0.9732 0.0709
vn 0.2161 0.9750 0.0507
vn 0.2148 0.9753 0.0507
vn 0.2148 0.9740 0.0715
vn 0.2159 0.9738 0.0713
vn 0.2536 0.9663 0.0452
vn 0.2532 0.9664 0.0438
vn 0.2536 0.9662 0.0465
vn 0.2515 0.9674 0.0293
vn 0.2512 0.9675 0.0285
vn 0.2515 0.9674 0.0301
vn 0.2536 0.9661 0.0490
vn 0.2536 0.9661 0.0478
vn 0.2515 0.9673 0.0317
vn 0.2515 0.9674 0.0310
vn 0.2498 0.9683 0.0027
vn 0.2498 0.9683 0.0000
vn 0.2502 0.9681 0.0154
vn 0.2503 0.9680 0.0158
vn 0.2498 0.9683 -0.0000
vn 0.2502 0.9681 0.0150
vn 0.2497 0.9683 0.0024
vn 0.2501 0.9681 0.0142
vn 0.2502 0.9681 0.0146
vn 0.2338 0.9717 0.0342
vn 0.2281 0.9731 0.0335
vn 0.2385 0.9705 0.0353
vn 0.2329 0.9723 0.0213
vn 0.2274 0.9736 0.0206
vn 0.2373 0.9712 0.0222
vn 0.2461 0.9685 0.0379
vn 0.2424 0.9695 0.0365
vn 0.2444 0.9694 0.0244
vn 0.2410 0.9702 0.0233
vn 0.2422 0.9702 0.0021
vn 0.2396 0.9709 0.0000
vn 0.2400 0.9707 0.0115
vn 0.2432 0.9699 0.0122
vn 0.2360 0.9717 0.0000
vn 0.2364 0.9716 0.0108
vn 0.2318 0.9728 0.0000
vn 0.2267 0.9740 -0.0000
vn 0.2269 0.9739 0.0098
vn 0.2321 0.9726 0.0102
vn 0.2160 0.9758 0.0328
vn 0.2145 0.9762 0.0326
vn 0.2188 0.9752 0.0329
vn 0.2158 0.9762 0.0197
vn 0.2140 0.9766 0.0195
vn 0.2185 0.9756 0.0199
vn 0.2226 0.9743 0.0331
vn 0.2223 0.9748 0.0201
vn 0.2218 0.9751 0.0000
vn 0.2219 0.9750 0.0095
vn 0.2182 0.9759 0.0000
vn 0.2183 0.9758 0.0093
vn 0.2155 0.9765 -0.0000
vn 0.2137 0.9769 0.0014
vn 0.2136 0.9769 0.0091
vn 0.2156 0.9764 0.0092
vn 0.3500 0.9149 0.2012
vn 0.4585 0.8332 0.3091
vn 0.4761 0.8331 0.2816
vn 0.3462 0.9123 0.2188
vn 0.4546 0.8210 0.3455
vn 0.3549 0.9025 0.2441
vn 0.6387 0.6216 0.4535
vn 0.6660 0.6285 0.4019
vn 0.6146 0.5995 0.5127
vn 0.3790 0.8798 0.2868
vn 0.5614 0.6307 0.5357
vn 0.4864 0.7651 0.4220
vn 0.4414 0.8216 0.3607
vn 0.6397 0.3425 0.6881
vn 0.6175 0.5068 0.6016
vn 0.6453 -0.0013 0.7639
vn 0.6799 0.1594 0.7158
vn 0.6512 0.0913 0.7534
vn 0.6746 -0.0042 0.7382
vn 0.7323 0.2131 0.6468
vn 0.7358 -0.0069 0.6772
vn 0.7976 -0.0064 0.6031
vn 0.8309 0.2377 0.5031
vn 0.7854 0.2320 0.5739
vn 0.8504 -0.0031 0.5262
vn 0.4206 0.8980 0.1292
vn 0.5916 0.7743 0.2245
vn 0.5855 0.7912 0.1767
vn 0.4308 0.8871 0.1657
vn 0.5537 0.7941 0.2508
vn 0.4146 0.8903 0.1884
vn 0.8016 0.5165 0.3011
vn 0.8094 0.5356 0.2407
vn 0.7611 0.5526 0.3397
vn 0.3794 0.9045 0.1947
vn 0.4993 0.8256 0.2628
vn 0.7016 0.6133 0.3628
vn 0.8670 0.2225 0.4458
vn 0.8887 -0.0043 0.4585
vn 0.8984 0.1856 0.3980
vn 0.9157 -0.0000 0.4019
vn 0.9386 -0.0000 0.3450
vn 0.9447 0.1750 0.2775
vn 0.9242 0.1663 0.3437
vn 0.9601 -0.0000 0.2797
vn 0.0787 0.9956 0.0511
vn -0.1349 0.9903 0.0326
vn -0.1440 0.9883 0.0511
vn 0.0805 0.9962 0.0324
vn -0.1269 0.9917 0.0193
vn 0.0820 0.9964 0.0190
vn -0.6277 0.7780 0.0262
vn -0.6256 0.7790 0.0409
vn -0.6341 0.7731 0.0157
vn 0.0839 0.9964 0.0087
vn -0.1168 0.9932 0.0000
vn -0.1205 0.9927 0.0089
vn 0.0658 0.9978 0.0013
vn -0.6436 0.7653 0.0000
vn -0.6411 0.7674 0.0073
vn -0.9697 -0.2442 -0.0000
vn -0.9934 0.1143 0.0014
vn -0.9955 0.0948 -0.0000
vn -0.9756 -0.2195 -0.0018
vn -0.9881 0.1536 0.0036
vn -0.9859 -0.1671 -0.0030
vn -0.9944 -0.1058 -0.0032
vn -0.9722 0.2337 0.0125
vn -0.9802 0.1979 0.0071
vn -0.9987 -0.0515 -0.0024
vn 0.0972 0.9807 0.1697
vn -0.1452 0.9808 0.1304
vn -0.1023 0.9831 0.1516
vn 0.0771 0.9878 0.1357
vn -0.1669 0.9788 0.1186
vn 0.0685 0.9903 0.1211
vn -0.6188 0.7792 0.0996
vn -0.5790 0.8075 0.1125
vn -0.6392 0.7636 0.0913
vn 0.0664 0.9911 0.1158
vn -0.1723 0.9785 0.1129
vn -0.1743 0.9781 0.1141
vn 0.0677 0.9911 0.1143
vn -0.6435 0.7604 0.0878
vn -0.6452 0.7589 0.0883
vn -1.0000 0.0000 -0.0000
vn -0.9672 0.2524 0.0293
vn -0.9669 0.2537 0.0293
vn -0.9665 0.2548 0.0301
vn -0.9577 0.2855 0.0371
vn -0.9636 0.2655 0.0329
vn 0.4221 0.0122 0.9064
vn 0.3774 0.0041 0.9260
vn 0.4237 0.0020 0.9058
vn 0.3728 0.0127 0.9278
vn 0.3562 0.0063 0.9344
vn 0.3545 0.0140 0.9349
vn 0.3829 0.0001 0.9238
vn 0.4227 0.0002 0.9063
vn 0.3603 0.0015 0.9328
vn 0.3308 0.0159 0.9436
vn 0.3127 0.0102 0.9498
vn 0.3358 0.0078 0.9419
vn 0.3072 0.0156 0.9515
vn 0.3187 0.0064 0.9478
vn 0.3446 0.0033 0.9387
vn 0.3397 0.0008 0.9405
vn 0.3496 0.0009 0.9369
vn 0.3218 0.0040 0.9468
vn 0.3480 0.0012 0.9375
vn 0.3608 0.0009 0.9326
vn 0.3617 0.0009 0.9323
vn 0.3823 -0.0001 0.9240
vn 0.4170 0.0011 0.9089
vn 0.3798 0.0011 0.9251
vn 0.4208 -0.0005 0.9072
vn 0.2557 0.9649 0.0593
vn 0.2593 0.9626 0.0783
vn 0.2537 0.9656 0.0572
vn 0.2567 0.9635 0.0756
vn 0.2630 0.9602 0.0942
vn 0.2598 0.9614 0.0909
vn 0.2508 0.9665 0.0553
vn 0.2531 0.9647 0.0732
vn 0.2554 0.9628 0.0882
vn 0.2591 0.9602 0.1041
vn 0.2573 0.9612 0.0993
vn 0.2653 0.9582 0.1073
vn 0.2627 0.9594 0.1022
vn 0.2700 0.9564 0.1112
vn 0.2667 0.9580 0.1058
vn 0.2804 0.9414 0.1873
vn 0.2774 0.9424 0.1869
vn 0.2746 0.9423 0.1913
vn 0.2807 0.9418 0.1849
vn 0.2787 0.9435 0.1795
vn 0.2805 0.9431 0.1788
vn 0.2664 0.9433 0.1979
vn 0.2544 0.9437 0.2113
vn 0.2729 0.9440 0.1854
vn 0.2801 0.9448 0.1697
vn 0.2791 0.9475 0.1558
vn 0.2793 0.9451 0.1694
vn 0.2792 0.9473 0.1572
vn 0.2785 0.9478 0.1555
vn 0.2771 0.9454 0.1716
vn 0.2728 0.9459 0.1759
vn 0.2712 0.9450 0.1826
vn 0.2779 0.9477 0.1571
vn 0.2527 0.9411 0.2245
vn 0.2598 0.9435 0.2057
vn 0.2234 0.9373 0.2675
vn 0.1731 0.9276 0.3311
vn 0.2089 0.9400 0.2697
vn 0.2412 0.9423 0.2319
vn 0.0911 0.9000 0.4262
vn 0.3206 0.9217 0.2184
vn 0.3510 0.9028 0.2484
vn 0.3093 0.9298 0.1997
vn 0.2959 0.9353 0.1939
vn 0.3080 0.9293 0.2037
vn 0.2914 0.9386 0.1846
vn 0.2979 0.9393 0.1704
vn 0.3035 0.9347 0.1850
vn 0.2858 0.9444 0.1627
vn 0.2889 0.9413 0.1745
vn 0.2823 0.9440 0.1709
vn 0.2810 0.9464 0.1593
vn 0.2831 0.9421 0.1797
vn 0.2873 0.9389 0.1893
vn 0.2843 0.9405 0.1860
vn 0.2689 0.9537 0.1347
vn 0.2698 0.9543 0.1288
vn 0.2665 0.9554 0.1274
vn 0.2690 0.9539 0.1334
vn 0.2691 0.9560 0.1165
vn 0.2649 0.9575 0.1139
vn 0.2664 0.9556 0.1262
vn 0.2696 0.9540 0.1315
vn 0.2635 0.9581 0.1123
vn 0.2662 0.9588 0.0992
vn 0.2611 0.9622 0.0779
vn 0.2585 0.9631 0.0753
vn 0.2625 0.9601 0.0964
vn 0.2573 0.9636 0.0733
vn 0.2607 0.9608 0.0942
vn 0.2600 0.9612 0.0924
vn 0.2566 0.9639 0.0715
vn 0.2634 0.9583 0.1105
vn 0.2703 0.9541 0.1292
vn 0.2669 0.9557 0.1242
vn 0.2537 0.9660 0.0502
vn 0.2540 0.9658 0.0514
vn 0.2515 0.9673 0.0325
vn 0.2517 0.9672 0.0333
vn 0.2562 0.9651 0.0543
vn 0.2547 0.9656 0.0527
vn 0.2523 0.9670 0.0349
vn 0.2519 0.9672 0.0341
vn 0.2498 0.9683 0.0087
vn 0.2498 0.9683 0.0085
vn 0.2503 0.9680 0.0169
vn 0.2503 0.9680 0.0172
vn 0.2498 0.9683 0.0083
vn 0.2503 0.9680 0.0165
vn 0.2499 0.9682 0.0082
vn 0.2503 0.9680 0.0162
vn 0.2524 0.9548 0.1572
vn 0.2389 0.9389 0.2477
vn 0.2484 0.9373 0.2444
vn 0.2439 0.9568 0.1583
vn 0.2311 0.9395 0.2527
vn 0.2368 0.9582 0.1608
vn 0.2133 0.8430 0.4938
vn 0.2252 0.8439 0.4870
vn 0.2035 0.8396 0.5037
vn 0.2301 0.9592 0.1643
vn 0.2166 0.9393 0.2659
vn 0.2239 0.9396 0.2591
vn 0.2231 0.9601 0.1684
vn 0.1864 0.8299 0.5258
vn 0.1948 0.8353 0.5140
vn -0.0165 0.0001 0.9999
vn 0.0814 0.3901 0.9172
vn 0.0748 0.3827 0.9208
vn -0.0140 -0.0000 0.9999
vn 0.0891 0.3960 0.9139
vn -0.0099 -0.0000 1.0000
vn -0.0034 -0.0000 1.0000
vn 0.1120 0.4045 0.9077
vn 0.0989 0.4017 0.9104
vn 0.0072 -0.0000 1.0000
vn 0.2102 0.9386 0.2735
vn 0.2172 0.9608 0.1723
vn 0.2055 0.9375 0.2809
vn 0.2129 0.9611 0.1761
vn 0.1788 0.8234 0.5385
vn 0.1732 0.8174 0.5494
vn 0.2100 0.9611 0.1795
vn 0.2008 0.9349 0.2927
vn 0.2022 0.9362 0.2873
vn 0.2088 0.9608 0.1825
vn 0.1666 0.8056 0.5685
vn 0.1690 0.8111 0.5599
vn -0.0199 0.0004 0.9998
vn 0.0617 0.3607 0.9306
vn 0.0596 0.3544 0.9332
vn -0.0196 0.0004 0.9998
vn 0.0647 0.3663 0.9283
vn -0.0196 -0.0029 0.9998
vn -0.0179 0.0002 0.9998
vn 0.0691 0.3744 0.9247
vn -0.0371 0.9696 0.2419
vn 0.1261 0.9554 0.2672
vn -0.5059 0.8363 0.2112
vn -0.1038 0.8449 0.5247
vn 0.1259 0.8320 0.5404
vn -0.3298 0.8671 0.3733
vn -0.9964 -0.0042 0.0849
vn -0.9414 0.3126 0.1266
vn -0.8188 -0.0082 0.5741
vn -0.7024 0.4350 0.5634
vn -0.0202 0.0001 0.9998
vn -0.2161 0.3941 0.8933
vn -0.2639 -0.0005 0.9645
vn 0.0486 0.3790 0.9241
vn 0.2645 0.9309 0.2521
vn 0.2519 0.9305 0.2658
vn 0.2758 0.9467 0.1661
vn 0.2650 0.9325 0.2453
vn 0.2706 0.9492 0.1606
vn 0.2195 0.8506 0.4778
vn 0.1795 0.8561 0.4846
vn 0.2353 0.8452 0.4798
vn 0.2620 0.9521 0.1577
vn 0.2583 0.9350 0.2429
vn 0.2353 0.8443 0.4814
vn 0.1190 0.4081 0.9052
vn 0.0059 -0.0000 1.0000
vn 0.1022 0.4135 0.9048
vn -0.0271 -0.0001 0.9996
vn -0.1045 0.0029 0.9945
vn -0.0407 0.4341 0.8999
vn 0.0534 0.4266 0.9029
vn -0.2321 0.0055 0.9727
vn 0.0158 0.8400 0.5423
vn -0.1290 0.7265 0.6749
vn 0.1361 0.8997 0.4146
vn -0.2347 0.5561 0.7973
vn -0.3563 0.4032 0.8429
vn -0.0690 0.7101 0.7007
vn 0.2137 0.9230 0.3199
vn 0.0923 0.8251 0.5575
vn -0.1804 0.3862 0.9046
vn -0.3545 0.0110 0.9350
vn -0.3261 0.2718 0.9054
vn -0.4417 0.0175 0.8970
vn -0.4984 0.0222 0.8667
vn -0.4827 0.1227 0.8672
vn -0.4317 0.1810 0.8837
vn -0.5154 0.0247 0.8566
vn -0.5116 0.0340 0.8585
vn -0.4640 0.0395 0.8849
vn -0.5113 0.0425 0.8583
vn -0.4539 0.0326 0.8904
vn -0.2289 0.0303 0.9730
vn -0.1708 0.0234 0.9850
vn -0.4674 0.0693 0.8813
vn -0.5119 0.0786 0.8554
vn -0.2414 0.0502 0.9691
vn 0.1934 0.0082 0.9811
vn 0.1373 0.0142 0.9904
vn 0.1239 0.0223 0.9920
vn 0.1089 0.0394 0.9933
vn 0.1238 0.0725 0.9897
vn -0.2548 0.1023 0.9616
vn -0.2047 0.2093 0.9562
vn -0.4363 0.3162 0.8424
vn -0.5094 0.1617 0.8452
vn -0.4724 0.1388 0.8704
vn -0.4742 0.3736 0.7972
vn -0.2875 0.6132 0.7357
vn -0.3122 0.7008 0.6415
vn -0.0668 0.3886 0.9190
vn -0.0130 0.8425 0.5385
vn -0.0354 0.9191 0.3924
vn 0.1520 0.5324 0.8327
vn 0.2045 0.1199 0.9715
vn 0.3058 0.1394 0.9418
vn 0.3799 0.1358 0.9150
vn 0.4227 0.1145 0.8990
vn 0.3389 0.5583 0.7573
vn 0.4111 0.5183 0.7499
vn 0.3245 0.8737 0.3623
vn 0.1934 0.9535 0.2311
vn 0.2293 0.8887 0.3970
vn 0.2750 0.9424 0.1902
vn 0.4763 0.7958 0.3740
vn 0.4179 0.8816 0.2193
vn 0.5415 0.4696 0.6973
vn 0.6971 0.5369 0.4752
vn 0.6700 0.6691 0.3216
vn 0.7009 0.3280 0.6334
vn 0.5164 0.0092 0.8563
vn 0.5198 0.0947 0.8490
vn 0.6322 0.0163 0.7746
vn 0.6847 0.1152 0.7196
vn 0.7448 0.1245 0.6556
vn 0.7716 0.1786 0.6105
vn 0.7111 0.0451 0.7017
vn 0.7944 0.3357 0.5062
vn 0.6687 0.0241 0.7432
vn 0.6825 0.0496 0.7292
vn 0.6098 0.0091 0.7925
vn 0.6405 0.0091 0.7679
vn 0.6578 0.0175 0.7530
vn 0.5903 0.0041 0.8072
vn 0.5069 0.0036 0.8620
vn 0.4996 0.0014 0.8662
vn 0.5029 0.0003 0.8643
vn 0.5003 0.0006 0.8659
vn 0.5896 0.0009 0.8077
vn 0.5853 0.0017 0.8108
vn 0.6367 -0.0012 0.7711
vn 0.6460 0.0042 0.7633
vn 0.6294 0.0032 0.7770
vn 0.6467 -0.0020 0.7627
vn -0.4984 0.0800 0.8632
vn -0.5136 0.0308 0.8575
vn -0.5071 0.0545 0.8602
vn -0.5134 0.0304 0.8576
vn -0.4393 0.2431 0.8648
vn -0.4848 0.1379 0.8637
vn -0.5149 0.0342 0.8565
vn -0.5108 0.0448 0.8585
vn -0.5034 0.0888 0.8595
vn -0.4899 0.1936 0.8500
vn -0.4182 0.4349 0.7975
vn -0.4259 0.3147 0.8483
vn -0.2590 0.6253 0.7362
vn -0.0578 0.8130 0.5794
vn -0.2949 0.5283 0.7962
vn 0.1372 0.9282 0.3458
vn -0.0156 0.8731 0.4872
vn 0.2275 0.9451 0.2348
vn 0.1585 0.9435 0.2911
vn -0.2171 0.7570 0.6163
vn 0.0373 0.9294 0.3671
vn 0.2154 0.9503 0.2248
vn 0.2748 0.9424 0.1906
vn 0.2503 0.9461 0.2057
vn 0.2787 0.9419 0.1873
vn 0.2797 0.9416 0.1877
vn 0.2677 0.9435 0.1954
vn 0.2945 0.9362 0.1918
vn 0.3162 0.9279 0.1976
vn 0.3383 0.9146 0.2216
vn 0.4172 0.8695 0.2644
vn 0.3718 0.9041 0.2106
vn 0.5813 0.7463 0.3243
vn 0.7250 0.4691 0.5044
vn 0.7270 0.2226 0.6496
vn 0.5552 0.7215 0.4137
vn 0.6594 0.4616 0.5934
vn 0.5425 0.6959 0.4704
vn 0.4188 0.8552 0.3054
vn 0.6368 0.4300 0.6400
vn 0.6760 0.2128 0.7055
vn 0.6570 0.1892 0.7297
vn 0.6591 0.0818 0.7476
vn 0.6880 0.0835 0.7209
vn 0.6600 0.0311 0.7506
vn 0.6481 0.0077 0.7615
vn 0.6436 -0.0000 0.7654
vn 0.6483 0.0189 0.7611
vn 0.6456 -0.0029 0.7637
vn 0.6453 -0.0017 0.7639
vn 0.6498 0.0457 0.7588
vn 0.2124 0.9678 0.1348
vn 0.2113 0.9678 0.1365
vn 0.2152 0.9675 0.1328
vn 0.2133 0.9699 0.1177
vn 0.2123 0.9700 0.1187
vn 0.2161 0.9694 0.1162
vn 0.2252 0.9659 0.1281
vn 0.2194 0.9669 0.1304
vn 0.2261 0.9676 0.1126
vn 0.2203 0.9687 0.1146
vn 0.2208 0.9692 0.1088
vn 0.2266 0.9681 0.1071
vn 0.2166 0.9700 0.1102
vn 0.2128 0.9706 0.1124
vn 0.2138 0.9705 0.1115
vn 0.2334 0.9667 0.1052
vn 0.2329 0.9662 0.1106
vn 0.2396 0.9653 0.1036
vn 0.2392 0.9648 0.1089
vn 0.2321 0.9646 0.1255
vn 0.2385 0.9633 0.1233
vn 0.2453 0.9618 0.1218
vn 0.2533 0.9597 0.1216
vn 0.2457 0.9633 0.1080
vn 0.2533 0.9613 0.1081
vn 0.2529 0.9620 0.1031
vn 0.2459 0.9638 0.1028
vn 0.2605 0.9598 0.1049
vn 0.2616 0.9589 0.1100
vn 0.2675 0.9575 0.1081
vn 0.2694 0.9563 0.1136
vn 0.2624 0.9571 0.1231
vn 0.2710 0.9542 0.1270
vn 0.2771 0.9517 0.1323
vn 0.2784 0.9506 0.1372
vn 0.2751 0.9541 0.1185
vn 0.2769 0.9530 0.1229
vn 0.2744 0.9546 0.1164
vn 0.2726 0.9556 0.1122
vn 0.2742 0.9542 0.1199
vn 0.2765 0.9527 0.1263
vn 0.2740 0.9538 0.1231
vn 0.2764 0.9523 0.1291
vn 0.2781 0.9505 0.1384
vn 0.2780 0.9503 0.1399
vn 0.2781 0.9500 0.1418
vn 0.2777 0.9498 0.1439
vn 0.2763 0.9520 0.1318
vn 0.2757 0.9518 0.1344
vn 0.2731 0.9533 0.1290
vn 0.2739 0.9535 0.1262
vn 0.2726 0.9524 0.1365
vn 0.2724 0.9523 0.1376
vn 0.2730 0.9526 0.1346
vn 0.2781 0.9499 0.1426
vn 0.2813 0.9487 0.1446
vn 0.2765 0.9508 0.1399
vn 0.2735 0.9527 0.1322
vn 0.2763 0.9512 0.1374
vn 0.2788 0.9491 0.1464
vn 0.2810 0.9480 0.1494
vn 0.2987 0.9411 0.1581
vn 0.2869 0.9456 0.1535
vn 0.2609 0.9637 0.0567
vn 0.2679 0.9600 0.0816
vn 0.2752 0.9594 0.0610
vn 0.2853 0.9544 0.0881
vn 0.2553 0.9662 0.0361
vn 0.2674 0.9628 0.0385
vn 0.3290 0.9388 0.1018
vn 0.4026 0.9110 0.0900
vn 0.3146 0.9466 0.0703
vn 0.3876 0.9201 0.0564
vn 0.3027 0.9521 0.0440
vn 0.3787 0.9254 0.0132
vn 0.2971 0.9546 0.0212
vn 0.3797 0.9247 0.0270
vn 0.2963 0.9550 0.0104
vn 0.2633 0.9645 0.0187
vn 0.2627 0.9648 0.0092
vn 0.2522 0.9676 0.0089
vn 0.2526 0.9674 0.0177
vn 0.3196 0.9338 0.1606
vn 0.3386 0.9285 0.1526
vn 0.2913 0.9458 0.1438
vn 0.2982 0.9452 0.1328
vn 0.3402 0.9312 0.1309
vn 0.2940 0.9491 0.1127
vn 0.2746 0.9559 0.1040
vn 0.2787 0.9526 0.1221
vn 0.2774 0.9513 0.1343
vn 0.2115 0.9708 0.1130
vn 0.2119 0.9709 0.1116
vn 0.2036 0.9724 0.1135
vn 0.2041 0.9725 0.1121
vn 0.2110 0.9701 0.1195
vn 0.2035 0.9717 0.1199
vn 0.1676 0.9793 0.1130
vn 0.1672 0.9793 0.1143
vn 0.1675 0.9785 0.1202
vn 0.1702 0.9759 0.1367
vn 0.1749 0.9680 0.1800
vn 0.2033 0.9694 0.1376
vn 0.2022 0.9619 0.1841
vn 0.2079 0.9606 0.1846
vn 0.2102 0.9679 0.1376
vn 0.1999 0.9339 0.2963
vn 0.1962 0.9348 0.2961
vn 0.1653 0.8016 0.5746
vn 0.1636 0.8026 0.5737
vn 0.1780 0.9414 0.2866
vn 0.1560 0.8118 0.5627
vn 0.0572 0.3575 0.9322
vn -0.0201 0.0002 0.9998
vn 0.0583 0.3510 0.9346
vn -0.0199 0.0003 0.9998
vn 0.0586 0.3498 0.9350
vn 0.2125 0.9715 0.1055
vn 0.2130 0.9728 0.0906
vn 0.2047 0.9731 0.1059
vn 0.2052 0.9745 0.0909
vn 0.2130 0.9757 0.0505
vn 0.2132 0.9744 0.0716
vn 0.2049 0.9775 0.0504
vn 0.2054 0.9761 0.0716
vn 0.1704 0.9827 0.0720
vn 0.1700 0.9841 0.0505
vn 0.0759 0.9944 0.0729
vn 0.1696 0.9812 0.0915
vn 0.0729 0.9930 0.0927
vn 0.0700 0.9917 0.1081
vn 0.1684 0.9799 0.1068
vn -0.1657 0.9804 0.1070
vn -0.1593 0.9829 0.0920
vn -0.6383 0.7652 0.0835
vn -0.6315 0.7720 0.0723
vn -0.1513 0.9858 0.0726
vn -0.6264 0.7774 0.0575
vn -0.9676 0.2520 0.0186
vn -0.9998 -0.0203 -0.0013
vn -0.9656 0.2590 0.0240
vn -1.0000 -0.0034 -0.0003
vn -0.9662 0.2561 0.0277
vn 0.5444 0.8379 0.0382
vn 0.5430 0.8395 0.0186
vn 0.5532 0.8293 0.0794
vn 0.8005 0.5968 0.0551
vn 0.8005 0.5987 0.0270
vn 0.8027 0.5856 0.1130
vn 0.5694 0.8124 0.1256
vn 0.8083 0.5622 0.1751
vn 0.9604 0.1883 0.2053
vn 0.9781 -0.0000 0.2082
vn 0.9706 0.1995 0.1347
vn 0.9905 -0.0000 0.1373
vn 0.9977 0.0000 0.0677
vn 0.9779 0.2067 0.0327
vn 0.9766 0.2046 0.0662
vn 0.9994 0.0033 0.0333
vn 0.2457 0.9693 0.0128
vn 0.2452 0.9694 0.0066
vn 0.2468 0.9687 0.0256
vn 0.2480 0.9687 0.0134
vn 0.2476 0.9688 0.0069
vn 0.2492 0.9681 0.0266
vn 0.2486 0.9678 0.0394
vn 0.2511 0.9671 0.0409
vn 0.2529 0.9666 0.0425
vn 0.2508 0.9676 0.0276
vn 0.2492 0.9684 0.0071
vn 0.2496 0.9682 0.0138
vn 0.1655 0.9862 0.0086
vn 0.1652 0.9863 0.0040
vn 0.1671 0.9858 0.0188
vn 0.2004 0.9797 0.0087
vn 0.1998 0.9798 0.0041
vn 0.2018 0.9792 0.0189
vn 0.1687 0.9852 0.0320
vn 0.2035 0.9786 0.0320
vn 0.2123 0.9767 0.0323
vn 0.2113 0.9772 0.0192
vn 0.2100 0.9777 0.0043
vn 0.2104 0.9776 0.0089
vn 0.2694 0.9549 -0.1252
vn 0.2700 0.9550 -0.1231
vn 0.2673 0.9562 -0.1189
vn 0.2665 0.9564 -0.1197
vn 0.2701 0.9553 -0.1201
vn 0.2675 0.9565 -0.1160
vn 0.2636 0.9588 -0.1059
vn 0.2628 0.9590 -0.1061
vn 0.2638 0.9590 -0.1033
vn 0.2704 0.9556 -0.1167
vn 0.2714 0.9557 -0.1142
vn 0.2688 0.9568 -0.1108
vn 0.2678 0.9568 -0.1129
vn 0.2649 0.9592 -0.0990
vn 0.2640 0.9593 -0.1005
vn 0.2567 0.9644 -0.0640
vn 0.2566 0.9644 -0.0647
vn 0.2601 0.9619 -0.0838
vn 0.2609 0.9618 -0.0827
vn 0.2566 0.9642 -0.0666
vn 0.2600 0.9618 -0.0861
vn 0.2565 0.9641 -0.0683
vn 0.2564 0.9642 -0.0680
vn 0.2592 0.9618 -0.0882
vn 0.2599 0.9616 -0.0883
vn 0.2488 0.9632 -0.1016
vn 0.2460 0.9639 -0.1015
vn 0.2460 0.9644 -0.0970
vn 0.2486 0.9637 -0.0972
vn 0.2402 0.9653 -0.1025
vn 0.2404 0.9657 -0.0976
vn 0.2458 0.9655 -0.0855
vn 0.2480 0.9649 -0.0860
vn 0.2407 0.9668 -0.0856
vn 0.2342 0.9666 -0.1041
vn 0.2273 0.9681 -0.1057
vn 0.2277 0.9685 -0.1005
vn 0.2346 0.9671 -0.0989
vn 0.2284 0.9697 -0.0873
vn 0.2351 0.9681 -0.0863
vn 0.2286 0.9722 -0.0507
vn 0.2347 0.9707 -0.0511
vn 0.2352 0.9695 -0.0697
vn 0.2288 0.9710 -0.0700
vn 0.2398 0.9694 -0.0519
vn 0.2405 0.9681 -0.0697
vn 0.2440 0.9683 -0.0530
vn 0.2459 0.9678 -0.0539
vn 0.2470 0.9664 -0.0708
vn 0.2451 0.9669 -0.0702
vn 0.2135 0.9707 -0.1106
vn 0.2139 0.9712 -0.1048
vn 0.2148 0.9711 -0.1043
vn 0.2145 0.9705 -0.1099
vn 0.2145 0.9725 -0.0903
vn 0.2155 0.9724 -0.0899
vn 0.2177 0.9705 -0.1032
vn 0.2173 0.9700 -0.1087
vn 0.2183 0.9718 -0.0892
vn 0.2149 0.9740 -0.0715
vn 0.2150 0.9753 -0.0508
vn 0.2161 0.9750 -0.0507
vn 0.2159 0.9738 -0.0713
vn 0.2189 0.9744 -0.0506
vn 0.2187 0.9732 -0.0709
vn 0.2229 0.9723 -0.0704
vn 0.2229 0.9735 -0.0506
vn 0.2225 0.9709 -0.0883
vn 0.2215 0.9692 -0.1072
vn 0.2219 0.9697 -0.1019
vn 0.2532 0.9664 -0.0446
vn 0.2536 0.9663 -0.0452
vn 0.2512 0.9675 -0.0290
vn 0.2515 0.9674 -0.0293
vn 0.2536 0.9662 -0.0465
vn 0.2515 0.9674 -0.0301
vn 0.2501 0.9681 -0.0144
vn 0.2502 0.9681 -0.0146
vn 0.2502 0.9681 -0.0150
vn 0.2503 0.9680 -0.0154
vn 0.2502 0.9681 -0.0154
vn 0.2517 0.9673 -0.0310
vn 0.2515 0.9674 -0.0310
vn 0.2538 0.9661 -0.0478
vn 0.2536 0.9661 -0.0478
vn 0.2281 0.9731 -0.0335
vn 0.2338 0.9717 -0.0342
vn 0.2274 0.9736 -0.0206
vn 0.2329 0.9723 -0.0213
vn 0.2385 0.9705 -0.0353
vn 0.2373 0.9712 -0.0222
vn 0.2269 0.9739 -0.0098
vn 0.2321 0.9726 -0.0102
vn 0.2364 0.9716 -0.0108
vn 0.2418 0.9703 -0.0119
vn 0.2400 0.9707 -0.0115
vn 0.2430 0.9697 -0.0240
vn 0.2410 0.9702 -0.0233
vn 0.2445 0.9689 -0.0374
vn 0.2424 0.9695 -0.0365
vn 0.2149 0.9761 -0.0327
vn 0.2160 0.9758 -0.0328
vn 0.2146 0.9765 -0.0196
vn 0.2158 0.9762 -0.0197
vn 0.2188 0.9752 -0.0329
vn 0.2185 0.9756 -0.0199
vn 0.2144 0.9767 -0.0091
vn 0.2156 0.9764 -0.0092
vn 0.2183 0.9758 -0.0093
vn 0.2219 0.9750 -0.0095
vn 0.2223 0.9748 -0.0201
vn 0.2226 0.9743 -0.0331
vn 0.0155 0.9991 -0.0403
vn -0.1349 0.9903 -0.0326
vn 0.0200 0.9993 -0.0325
vn -0.1422 0.9890 -0.0402
vn -0.6277 0.7780 -0.0262
vn -0.6185 0.7851 -0.0325
vn -0.1269 0.9917 -0.0193
vn 0.0243 0.9995 -0.0192
vn -0.6341 0.7731 -0.0157
vn -0.9700 0.2427 -0.0103
vn -0.9944 -0.1058 0.0032
vn -0.9802 0.1979 -0.0071
vn -0.9987 -0.0516 0.0021
vn -0.9859 -0.1671 0.0030
vn -0.9881 0.1536 -0.0036
vn -0.9934 0.1143 -0.0014
vn -0.9756 -0.2195 0.0018
vn -0.6411 0.7674 -0.0073
vn 0.0296 0.9995 -0.0087
vn -0.1205 0.9927 -0.0089
# 858 vertex normals

vt 1.0000 0.8889 0.0000
# 1 texture coords

o cofre001
g cofre001
usemtl wire_154154229
s off
f 586/2/584 587/2/585 588/2/586 
f 586/2/584 588/2/586 589/2/587 
f 587/2/585 590/2/588 591/2/589 
f 587/2/585 591/2/589 588/2/586 
f 589/2/587 588/2/586 592/2/590 
f 589/2/587 592/2/590 593/2/591 
f 588/2/586 591/2/589 594/2/592 
f 588/2/586 594/2/592 592/2/590 
f 595/2/593 596/2/594 597/2/595 
f 595/2/593 597/2/595 598/2/596 
f 598/2/596 597/2/595 599/2/597 
f 598/2/596 599/2/597 600/2/598 
f 590/2/588 595/2/593 598/2/596 
f 590/2/588 598/2/596 591/2/589 
f 591/2/589 598/2/596 600/2/598 
f 591/2/589 600/2/598 594/2/592 
f 601/2/599 602/2/600 603/2/601 
f 601/2/599 603/2/601 604/2/602 
f 602/2/600 605/2/603 606/2/604 
f 602/2/600 606/2/604 603/2/601 
f 604/2/602 603/2/601 600/2/598 
f 604/2/602 600/2/598 599/2/597 
f 603/2/601 606/2/604 594/2/592 
f 603/2/601 594/2/592 600/2/598 
f 607/2/605 608/2/606 609/2/607 
f 607/2/605 609/2/607 610/2/608 
f 610/2/608 609/2/607 593/2/591 
f 610/2/608 593/2/591 592/2/590 
f 605/2/603 607/2/605 610/2/608 
f 605/2/603 610/2/608 606/2/604 
f 606/2/604 610/2/608 592/2/590 
f 606/2/604 592/2/590 594/2/592 
f 611/2/609 612/2/610 613/2/611 
f 611/2/609 613/2/611 614/2/612 
f 612/2/610 615/2/613 616/2/614 
f 612/2/610 616/2/614 613/2/611 
f 614/2/612 613/2/611 617/2/615 
f 614/2/612 617/2/615 618/2/616 
f 613/2/611 616/2/614 619/2/617 
f 613/2/611 619/2/617 617/2/615 
f 620/2/618 621/2/619 622/2/620 
f 620/2/618 622/2/620 623/2/621 
f 623/2/621 622/2/620 624/2/622 
f 623/2/621 624/2/622 625/2/623 
f 615/2/613 620/2/618 623/2/621 
f 615/2/613 623/2/621 616/2/614 
f 616/2/614 623/2/621 625/2/623 
f 616/2/614 625/2/623 619/2/617 
f 626/2/624 627/2/625 628/2/626 
f 626/2/624 628/2/626 629/2/627 
f 627/2/625 630/2/628 631/2/629 
f 627/2/625 631/2/629 628/2/626 
f 629/2/627 628/2/626 625/2/623 
f 629/2/627 625/2/623 624/2/622 
f 628/2/626 631/2/629 619/2/617 
f 628/2/626 619/2/617 625/2/623 
f 632/2/630 633/2/631 634/2/632 
f 632/2/630 634/2/632 635/2/633 
f 635/2/633 634/2/632 618/2/616 
f 635/2/633 618/2/616 617/2/615 
f 630/2/628 632/2/630 635/2/633 
f 630/2/628 635/2/633 631/2/629 
f 631/2/629 635/2/633 617/2/615 
f 631/2/629 617/2/615 619/2/617 
f 636/2/634 637/2/635 638/2/636 
f 636/2/634 638/2/636 639/2/637 
f 637/2/635 640/2/638 641/2/639 
f 637/2/635 641/2/639 638/2/636 
f 639/2/637 638/2/636 642/2/640 
f 639/2/637 642/2/640 643/2/641 
f 638/2/636 641/2/639 644/2/642 
f 638/2/636 644/2/642 642/2/640 
f 645/2/643 633/2/631 632/2/630 
f 645/2/643 632/2/630 646/2/644 
f 646/2/644 632/2/630 630/2/628 
f 646/2/644 630/2/628 647/2/645 
f 640/2/638 645/2/643 646/2/644 
f 640/2/638 646/2/644 641/2/639 
f 641/2/639 646/2/644 647/2/645 
f 641/2/639 647/2/645 644/2/642 
f 626/2/624 648/2/646 649/2/647 
f 626/2/624 649/2/647 627/2/625 
f 648/2/646 650/2/648 651/2/649 
f 648/2/646 651/2/649 649/2/647 
f 627/2/625 649/2/647 647/2/645 
f 627/2/625 647/2/645 630/2/628 
f 649/2/647 651/2/649 644/2/642 
f 649/2/647 644/2/642 647/2/645 
f 652/2/650 653/2/651 654/2/652 
f 652/2/650 654/2/652 655/2/653 
f 655/2/653 654/2/652 643/2/641 
f 655/2/653 643/2/641 642/2/640 
f 650/2/648 652/2/650 655/2/653 
f 650/2/648 655/2/653 651/2/649 
f 651/2/649 655/2/653 642/2/640 
f 651/2/649 642/2/640 644/2/642 
f 601/2/599 604/2/602 656/2/654 
f 601/2/599 656/2/654 657/2/655 
f 604/2/602 599/2/597 658/2/656 
f 604/2/602 658/2/656 656/2/654 
f 657/2/655 656/2/654 659/2/657 
f 657/2/655 659/2/657 660/2/658 
f 656/2/654 658/2/656 661/2/659 
f 656/2/654 661/2/659 659/2/657 
f 597/2/595 596/2/594 662/2/660 
f 597/2/595 662/2/660 663/2/661 
f 663/2/661 662/2/660 664/2/662 
f 663/2/661 664/2/662 665/2/663 
f 599/2/597 597/2/595 663/2/661 
f 599/2/597 663/2/661 658/2/656 
f 658/2/656 663/2/661 665/2/663 
f 658/2/656 665/2/663 661/2/659 
f 666/2/664 667/2/665 668/2/666 
f 666/2/664 668/2/666 669/2/667 
f 667/2/665 670/2/668 671/2/669 
f 667/2/665 671/2/669 668/2/666 
f 669/2/667 668/2/666 665/2/663 
f 669/2/667 665/2/663 664/2/662 
f 668/2/666 671/2/669 661/2/659 
f 668/2/666 661/2/659 665/2/663 
f 672/2/668 673/2/670 674/2/671 
f 672/2/668 674/2/671 675/2/672 
f 675/2/672 674/2/671 660/2/658 
f 675/2/672 660/2/658 659/2/657 
f 670/2/668 672/2/668 675/2/672 
f 670/2/668 675/2/672 671/2/669 
f 671/2/669 675/2/672 659/2/657 
f 671/2/669 659/2/657 661/2/659 
f 626/2/624 629/2/627 676/2/673 
f 626/2/624 676/2/673 677/2/674 
f 629/2/627 624/2/622 678/2/675 
f 629/2/627 678/2/675 676/2/673 
f 677/2/674 676/2/673 679/2/676 
f 677/2/674 679/2/676 680/2/677 
f 676/2/673 678/2/675 681/2/678 
f 676/2/673 681/2/678 679/2/676 
f 622/2/620 621/2/619 682/2/679 
f 622/2/620 682/2/679 683/2/680 
f 683/2/680 682/2/679 684/2/681 
f 683/2/680 684/2/681 685/2/682 
f 624/2/622 622/2/620 683/2/680 
f 624/2/622 683/2/680 678/2/675 
f 678/2/675 683/2/680 685/2/682 
f 678/2/675 685/2/682 681/2/678 
f 686/2/683 687/2/684 688/2/685 
f 686/2/683 688/2/685 689/2/686 
f 687/2/684 690/2/687 691/2/688 
f 687/2/684 691/2/688 688/2/685 
f 689/2/686 688/2/685 685/2/682 
f 689/2/686 685/2/682 684/2/681 
f 688/2/685 691/2/688 681/2/678 
f 688/2/685 681/2/678 685/2/682 
f 692/2/689 693/2/690 694/2/691 
f 692/2/689 694/2/691 695/2/692 
f 695/2/692 694/2/691 680/2/677 
f 695/2/692 680/2/677 679/2/676 
f 690/2/687 692/2/689 695/2/692 
f 690/2/687 695/2/692 691/2/688 
f 691/2/688 695/2/692 679/2/676 
f 691/2/688 679/2/676 681/2/678 
f 653/2/651 652/2/650 696/2/693 
f 653/2/651 696/2/693 697/2/694 
f 652/2/650 650/2/648 698/2/695 
f 652/2/650 698/2/695 696/2/693 
f 697/2/694 696/2/693 699/2/696 
f 697/2/694 699/2/696 700/2/697 
f 696/2/693 698/2/695 701/2/698 
f 696/2/693 701/2/698 699/2/696 
f 648/2/646 626/2/624 677/2/674 
f 648/2/646 677/2/674 702/2/699 
f 702/2/699 677/2/674 680/2/677 
f 702/2/699 680/2/677 703/2/700 
f 650/2/648 648/2/646 702/2/699 
f 650/2/648 702/2/699 698/2/695 
f 698/2/695 702/2/699 703/2/700 
f 698/2/695 703/2/700 701/2/698 
f 693/2/690 704/2/701 705/2/702 
f 693/2/690 705/2/702 694/2/691 
f 704/2/701 706/2/703 707/2/704 
f 704/2/701 707/2/704 705/2/702 
f 694/2/691 705/2/702 703/2/700 
f 694/2/691 703/2/700 680/2/677 
f 705/2/702 707/2/704 701/2/698 
f 705/2/702 701/2/698 703/2/700 
f 708/2/705 709/2/706 710/2/707 
f 708/2/705 710/2/707 711/2/708 
f 711/2/708 710/2/707 700/2/697 
f 711/2/708 700/2/697 699/2/696 
f 706/2/703 708/2/705 711/2/708 
f 706/2/703 711/2/708 707/2/704 
f 707/2/704 711/2/708 699/2/696 
f 707/2/704 699/2/696 701/2/698 
f 712/2/709 713/2/710 714/2/711 
f 712/2/709 715/2/712 713/2/710 
f 715/2/712 716/2/713 713/2/710 
f 715/2/712 717/2/714 716/2/713 
f 714/2/711 718/2/715 719/2/716 
f 714/2/711 713/2/710 718/2/715 
f 713/2/710 720/2/717 718/2/715 
f 713/2/710 716/2/713 720/2/717 
f 721/2/718 722/2/719 723/2/720 
f 721/2/718 724/2/721 722/2/719 
f 723/2/720 725/2/722 726/2/723 
f 723/2/720 722/2/719 725/2/722 
f 717/2/714 723/2/720 716/2/713 
f 717/2/714 721/2/718 723/2/720 
f 716/2/713 726/2/723 720/2/717 
f 716/2/713 723/2/720 726/2/723 
f 727/2/724 728/2/725 729/2/726 
f 727/2/724 730/2/727 728/2/725 
f 730/2/727 731/2/728 728/2/725 
f 730/2/727 732/2/729 731/2/728 
f 729/2/726 726/2/723 725/2/722 
f 729/2/726 728/2/725 726/2/723 
f 728/2/725 720/2/717 726/2/723 
f 728/2/725 731/2/728 720/2/717 
f 733/2/730 734/2/731 735/2/732 
f 733/2/730 736/2/733 734/2/731 
f 735/2/732 719/2/716 718/2/715 
f 735/2/732 734/2/731 719/2/716 
f 732/2/729 735/2/732 731/2/728 
f 732/2/729 733/2/730 735/2/732 
f 731/2/728 718/2/715 720/2/717 
f 731/2/728 735/2/732 718/2/715 
f 737/2/734 738/2/735 739/2/736 
f 737/2/734 740/2/737 738/2/735 
f 740/2/737 741/2/738 738/2/735 
f 740/2/737 742/2/739 741/2/738 
f 739/2/736 743/2/740 744/2/741 
f 739/2/736 738/2/735 743/2/740 
f 738/2/735 745/2/742 743/2/740 
f 738/2/735 741/2/738 745/2/742 
f 746/2/743 714/2/711 747/2/744 
f 746/2/743 712/2/709 714/2/711 
f 747/2/744 719/2/716 748/2/745 
f 747/2/744 714/2/711 719/2/716 
f 742/2/739 747/2/744 741/2/738 
f 742/2/739 746/2/743 747/2/744 
f 741/2/738 748/2/745 745/2/742 
f 741/2/738 747/2/744 748/2/745 
f 736/2/733 749/2/746 734/2/731 
f 736/2/733 750/2/747 749/2/746 
f 750/2/747 751/2/748 749/2/746 
f 750/2/747 752/2/749 751/2/748 
f 734/2/731 748/2/745 719/2/716 
f 734/2/731 749/2/746 748/2/745 
f 749/2/746 745/2/742 748/2/745 
f 749/2/746 751/2/748 745/2/742 
f 753/2/750 754/2/751 755/2/752 
f 753/2/750 756/2/753 754/2/751 
f 755/2/752 744/2/741 743/2/740 
f 755/2/752 754/2/751 744/2/741 
f 752/2/749 755/2/752 751/2/748 
f 752/2/749 753/2/750 755/2/752 
f 751/2/748 743/2/740 745/2/742 
f 751/2/748 755/2/752 743/2/740 
f 757/2/754 758/2/755 759/2/756 
f 757/2/754 760/2/757 758/2/755 
f 760/2/757 761/2/758 758/2/755 
f 760/2/757 762/2/759 761/2/758 
f 759/2/756 763/2/760 764/2/761 
f 759/2/756 758/2/755 763/2/760 
f 758/2/755 765/2/762 763/2/760 
f 758/2/755 761/2/758 765/2/762 
f 766/2/763 767/2/764 768/2/765 
f 766/2/763 769/2/766 767/2/764 
f 768/2/765 770/2/767 771/2/768 
f 768/2/765 767/2/764 770/2/767 
f 762/2/759 768/2/765 761/2/758 
f 762/2/759 766/2/763 768/2/765 
f 761/2/758 771/2/768 765/2/762 
f 761/2/758 768/2/765 771/2/768 
f 772/2/769 773/2/770 774/2/771 
f 772/2/769 775/2/772 773/2/770 
f 775/2/772 776/2/773 773/2/770 
f 775/2/772 777/2/774 776/2/773 
f 774/2/771 771/2/768 770/2/767 
f 774/2/771 773/2/770 771/2/768 
f 773/2/770 765/2/762 771/2/768 
f 773/2/770 776/2/773 765/2/762 
f 778/2/775 779/2/776 780/2/777 
f 778/2/775 781/2/778 779/2/776 
f 780/2/777 764/2/761 763/2/760 
f 780/2/777 779/2/776 764/2/761 
f 777/2/774 780/2/777 776/2/773 
f 777/2/774 778/2/775 780/2/777 
f 776/2/773 763/2/760 765/2/762 
f 776/2/773 780/2/777 763/2/760 
f 782/2/779 783/2/780 784/2/781 
f 782/2/779 785/2/782 783/2/780 
f 785/2/782 786/2/783 783/2/780 
f 785/2/782 787/2/784 786/2/783 
f 784/2/781 788/2/785 789/2/786 
f 784/2/781 783/2/780 788/2/785 
f 783/2/780 790/2/787 788/2/785 
f 783/2/780 786/2/783 790/2/787 
f 791/2/788 792/2/789 793/2/790 
f 791/2/788 794/2/791 792/2/789 
f 793/2/790 795/2/792 796/2/793 
f 793/2/790 792/2/789 795/2/792 
f 787/2/784 793/2/790 786/2/783 
f 787/2/784 791/2/788 793/2/790 
f 786/2/783 796/2/793 790/2/787 
f 786/2/783 793/2/790 796/2/793 
f 797/2/794 798/2/795 799/2/796 
f 797/2/794 800/2/794 798/2/795 
f 800/2/794 801/2/797 798/2/795 
f 800/2/794 802/2/794 801/2/797 
f 799/2/796 796/2/793 795/2/792 
f 799/2/796 798/2/795 796/2/793 
f 798/2/795 790/2/787 796/2/793 
f 798/2/795 801/2/797 790/2/787 
f 803/2/794 804/2/798 805/2/799 
f 803/2/794 806/2/794 804/2/798 
f 805/2/799 789/2/786 788/2/785 
f 805/2/799 804/2/798 789/2/786 
f 802/2/794 805/2/799 801/2/797 
f 802/2/794 803/2/794 805/2/799 
f 801/2/797 788/2/785 790/2/787 
f 801/2/797 805/2/799 788/2/785 
f 807/2/800 808/2/801 809/2/802 
f 807/2/800 810/2/803 808/2/801 
f 810/2/803 811/2/804 808/2/801 
f 810/2/803 812/2/805 811/2/804 
f 809/2/802 813/2/806 814/2/807 
f 809/2/802 808/2/801 813/2/806 
f 808/2/801 815/2/808 813/2/806 
f 808/2/801 811/2/804 815/2/808 
f 816/2/809 817/2/810 818/2/811 
f 816/2/809 819/2/812 817/2/810 
f 818/2/811 820/2/813 821/2/814 
f 818/2/811 817/2/810 820/2/813 
f 812/2/805 818/2/811 811/2/804 
f 812/2/805 816/2/809 818/2/811 
f 811/2/804 821/2/814 815/2/808 
f 811/2/804 818/2/811 821/2/814 
f 822/2/815 823/2/816 824/2/817 
f 822/2/815 825/2/818 823/2/816 
f 825/2/818 826/2/819 823/2/816 
f 825/2/818 827/2/820 826/2/819 
f 824/2/817 821/2/814 820/2/813 
f 824/2/817 823/2/816 821/2/814 
f 823/2/816 815/2/808 821/2/814 
f 823/2/816 826/2/819 815/2/808 
f 828/2/821 829/2/822 830/2/823 
f 828/2/821 831/2/824 829/2/822 
f 830/2/823 814/2/807 813/2/806 
f 830/2/823 829/2/822 814/2/807 
f 827/2/820 830/2/823 826/2/819 
f 827/2/820 828/2/821 830/2/823 
f 826/2/819 813/2/806 815/2/808 
f 826/2/819 830/2/823 813/2/806 
f 601/2/599 832/2/825 833/2/826 
f 601/2/599 833/2/826 602/2/600 
f 832/2/825 834/2/827 835/2/828 
f 832/2/825 835/2/828 833/2/826 
f 602/2/600 833/2/826 836/2/829 
f 602/2/600 836/2/829 605/2/603 
f 833/2/826 835/2/828 837/2/830 
f 833/2/826 837/2/830 836/2/829 
f 838/2/831 621/2/619 620/2/618 
f 838/2/831 620/2/618 839/2/832 
f 839/2/832 620/2/618 615/2/613 
f 839/2/832 615/2/613 840/2/833 
f 834/2/827 838/2/831 839/2/832 
f 834/2/827 839/2/832 835/2/828 
f 835/2/828 839/2/832 840/2/833 
f 835/2/828 840/2/833 837/2/830 
f 611/2/609 841/2/834 842/2/835 
f 611/2/609 842/2/835 612/2/610 
f 841/2/834 843/2/836 844/2/837 
f 841/2/834 844/2/837 842/2/835 
f 612/2/610 842/2/835 840/2/833 
f 612/2/610 840/2/833 615/2/613 
f 842/2/835 844/2/837 837/2/830 
f 842/2/835 837/2/830 840/2/833 
f 845/2/838 608/2/606 607/2/605 
f 845/2/838 607/2/605 846/2/839 
f 846/2/839 607/2/605 605/2/603 
f 846/2/839 605/2/603 836/2/829 
f 843/2/836 845/2/838 846/2/839 
f 843/2/836 846/2/839 844/2/837 
f 844/2/837 846/2/839 836/2/829 
f 844/2/837 836/2/829 837/2/830 
f 847/2/840 848/2/841 849/2/842 
f 847/2/840 850/2/843 848/2/841 
f 850/2/843 851/2/844 848/2/841 
f 850/2/843 852/2/845 851/2/844 
f 849/2/842 853/2/846 854/2/847 
f 849/2/842 848/2/841 853/2/846 
f 848/2/841 855/2/848 853/2/846 
f 848/2/841 851/2/844 855/2/848 
f 856/2/849 857/2/850 858/2/851 
f 856/2/849 859/2/852 857/2/850 
f 858/2/851 860/2/853 861/2/854 
f 858/2/851 857/2/850 860/2/853 
f 852/2/845 858/2/851 851/2/844 
f 852/2/845 856/2/849 858/2/851 
f 851/2/844 861/2/854 855/2/848 
f 851/2/844 858/2/851 861/2/854 
f 862/2/855 863/2/856 864/2/857 
f 862/2/855 865/2/858 863/2/856 
f 865/2/858 866/2/859 863/2/856 
f 865/2/858 867/2/860 866/2/859 
f 864/2/857 861/2/854 860/2/853 
f 864/2/857 863/2/856 861/2/854 
f 863/2/856 855/2/848 861/2/854 
f 863/2/856 866/2/859 855/2/848 
f 868/2/861 869/2/862 870/2/863 
f 868/2/861 871/2/864 869/2/862 
f 870/2/863 854/2/847 853/2/846 
f 870/2/863 869/2/862 854/2/847 
f 867/2/860 870/2/863 866/2/859 
f 867/2/860 868/2/861 870/2/863 
f 866/2/859 853/2/846 855/2/848 
f 866/2/859 870/2/863 853/2/846 
f 724/2/721 872/2/865 873/2/866 
f 724/2/721 721/2/718 872/2/865 
f 721/2/718 874/2/867 872/2/865 
f 721/2/718 717/2/714 874/2/867 
f 873/2/866 875/2/868 876/2/869 
f 873/2/866 872/2/865 875/2/868 
f 872/2/865 877/2/870 875/2/868 
f 872/2/865 874/2/867 877/2/870 
f 715/2/712 878/2/871 879/2/872 
f 715/2/712 712/2/709 878/2/871 
f 879/2/872 880/2/873 881/2/874 
f 879/2/872 878/2/871 880/2/873 
f 717/2/714 879/2/872 874/2/867 
f 717/2/714 715/2/712 879/2/872 
f 874/2/867 881/2/874 877/2/870 
f 874/2/867 879/2/872 881/2/874 
f 859/2/852 882/2/875 883/2/876 
f 859/2/852 856/2/849 882/2/875 
f 856/2/849 884/2/877 882/2/875 
f 856/2/849 852/2/845 884/2/877 
f 883/2/876 881/2/874 880/2/873 
f 883/2/876 882/2/875 881/2/874 
f 882/2/875 877/2/870 881/2/874 
f 882/2/875 884/2/877 877/2/870 
f 850/2/843 885/2/878 886/2/879 
f 850/2/843 847/2/840 885/2/878 
f 886/2/879 876/2/869 875/2/868 
f 886/2/879 885/2/878 876/2/869 
f 852/2/845 886/2/879 884/2/877 
f 852/2/845 850/2/843 886/2/879 
f 884/2/877 875/2/868 877/2/870 
f 884/2/877 886/2/879 875/2/868 
f 887/2/880 888/2/881 889/2/882 
f 887/2/880 889/2/882 890/2/883 
f 888/2/881 891/2/884 892/2/885 
f 888/2/881 892/2/885 889/2/882 
f 890/2/883 889/2/882 893/2/886 
f 890/2/883 893/2/886 894/2/887 
f 889/2/882 892/2/885 895/2/888 
f 889/2/882 895/2/888 893/2/886 
f 896/2/889 897/2/890 898/2/891 
f 896/2/889 898/2/891 899/2/892 
f 899/2/892 898/2/891 900/2/893 
f 899/2/892 900/2/893 901/2/894 
f 891/2/884 896/2/889 899/2/892 
f 891/2/884 899/2/892 892/2/885 
f 892/2/885 899/2/892 901/2/894 
f 892/2/885 901/2/894 895/2/888 
f 596/2/594 595/2/593 902/2/895 
f 596/2/594 902/2/895 903/2/896 
f 595/2/593 590/2/588 904/2/897 
f 595/2/593 904/2/897 902/2/895 
f 903/2/896 902/2/895 901/2/894 
f 903/2/896 901/2/894 900/2/893 
f 902/2/895 904/2/897 895/2/888 
f 902/2/895 895/2/888 901/2/894 
f 587/2/585 586/2/584 905/2/898 
f 587/2/585 905/2/898 906/2/899 
f 906/2/899 905/2/898 894/2/887 
f 906/2/899 894/2/887 893/2/886 
f 590/2/588 587/2/585 906/2/899 
f 590/2/588 906/2/899 904/2/897 
f 904/2/897 906/2/899 893/2/886 
f 904/2/897 893/2/886 895/2/888 
f 596/2/594 903/2/896 907/2/900 
f 596/2/594 907/2/900 662/2/660 
f 903/2/896 900/2/893 908/2/901 
f 903/2/896 908/2/901 907/2/900 
f 662/2/660 907/2/900 909/2/902 
f 662/2/660 909/2/902 664/2/662 
f 907/2/900 908/2/901 910/2/903 
f 907/2/900 910/2/903 909/2/902 
f 898/2/891 897/2/890 911/2/904 
f 898/2/891 911/2/904 912/2/905 
f 912/2/905 911/2/904 913/2/906 
f 912/2/905 913/2/906 914/2/907 
f 900/2/893 898/2/891 912/2/905 
f 900/2/893 912/2/905 908/2/901 
f 908/2/901 912/2/905 914/2/907 
f 908/2/901 914/2/907 910/2/903 
f 915/2/908 916/2/909 917/2/910 
f 915/2/908 917/2/910 918/2/911 
f 916/2/909 919/2/912 920/2/913 
f 916/2/909 920/2/913 917/2/910 
f 918/2/911 917/2/910 914/2/907 
f 918/2/911 914/2/907 913/2/906 
f 917/2/910 920/2/913 910/2/903 
f 917/2/910 910/2/903 914/2/907 
f 921/2/914 666/2/664 669/2/667 
f 921/2/914 669/2/667 922/2/915 
f 922/2/915 669/2/667 664/2/662 
f 922/2/915 664/2/662 909/2/902 
f 919/2/912 921/2/914 922/2/915 
f 919/2/912 922/2/915 920/2/913 
f 920/2/913 922/2/915 909/2/902 
f 920/2/913 909/2/902 910/2/903 
f 923/2/916 924/2/917 925/2/918 
f 923/2/916 926/2/919 924/2/917 
f 926/2/919 927/2/920 924/2/917 
f 926/2/919 928/2/921 927/2/920 
f 925/2/918 929/2/922 930/2/923 
f 925/2/918 924/2/917 929/2/922 
f 924/2/917 931/2/924 929/2/922 
f 924/2/917 927/2/920 931/2/924 
f 932/2/925 933/2/926 934/2/927 
f 932/2/925 935/2/928 933/2/926 
f 934/2/927 936/2/929 937/2/930 
f 934/2/927 933/2/926 936/2/929 
f 928/2/921 934/2/927 927/2/920 
f 928/2/921 932/2/925 934/2/927 
f 927/2/920 937/2/930 931/2/924 
f 927/2/920 934/2/927 937/2/930 
f 938/2/931 939/2/932 940/2/933 
f 938/2/931 941/2/934 939/2/932 
f 941/2/934 942/2/935 939/2/932 
f 941/2/934 943/2/936 942/2/935 
f 940/2/933 937/2/930 936/2/929 
f 940/2/933 939/2/932 937/2/930 
f 939/2/932 931/2/924 937/2/930 
f 939/2/932 942/2/935 931/2/924 
f 944/2/937 945/2/938 946/2/939 
f 944/2/937 947/2/940 945/2/938 
f 946/2/939 930/2/923 929/2/922 
f 946/2/939 945/2/938 930/2/923 
f 943/2/936 946/2/939 942/2/935 
f 943/2/936 944/2/937 946/2/939 
f 942/2/935 929/2/922 931/2/924 
f 942/2/935 946/2/939 929/2/922 
f 935/2/928 948/2/941 933/2/926 
f 935/2/928 949/2/942 948/2/941 
f 949/2/942 950/2/943 948/2/941 
f 949/2/942 951/2/944 950/2/943 
f 933/2/926 952/2/945 936/2/929 
f 933/2/926 948/2/941 952/2/945 
f 948/2/941 953/2/946 952/2/945 
f 948/2/941 950/2/943 953/2/946 
f 954/2/947 955/2/948 956/2/949 
f 954/2/947 957/2/950 955/2/948 
f 956/2/949 958/2/951 959/2/952 
f 956/2/949 955/2/948 958/2/951 
f 951/2/944 956/2/949 950/2/943 
f 951/2/944 954/2/947 956/2/949 
f 950/2/943 959/2/952 953/2/946 
f 950/2/943 956/2/949 959/2/952 
f 960/2/953 961/2/954 962/2/955 
f 960/2/953 963/2/956 961/2/954 
f 963/2/956 964/2/957 961/2/954 
f 963/2/956 965/2/958 964/2/957 
f 962/2/955 959/2/952 958/2/951 
f 962/2/955 961/2/954 959/2/952 
f 961/2/954 953/2/946 959/2/952 
f 961/2/954 964/2/957 953/2/946 
f 966/2/959 940/2/933 967/2/960 
f 966/2/959 938/2/931 940/2/933 
f 967/2/960 936/2/929 952/2/945 
f 967/2/960 940/2/933 936/2/929 
f 965/2/958 967/2/960 964/2/957 
f 965/2/958 966/2/959 967/2/960 
f 964/2/957 952/2/945 953/2/946 
f 964/2/957 967/2/960 952/2/945 
f 782/2/779 968/2/961 969/2/962 
f 782/2/779 784/2/781 968/2/961 
f 784/2/781 970/2/963 968/2/961 
f 784/2/781 789/2/786 970/2/963 
f 969/2/962 971/2/964 972/2/965 
f 969/2/962 968/2/961 971/2/964 
f 968/2/961 973/2/966 971/2/964 
f 968/2/961 970/2/963 973/2/966 
f 804/2/798 974/2/967 975/2/968 
f 804/2/798 806/2/794 974/2/967 
f 975/2/968 976/2/969 977/2/970 
f 975/2/968 974/2/967 976/2/969 
f 789/2/786 975/2/968 970/2/963 
f 789/2/786 804/2/798 975/2/968 
f 970/2/963 977/2/970 973/2/966 
f 970/2/963 975/2/968 977/2/970 
f 978/2/971 979/2/972 980/2/973 
f 978/2/971 981/2/974 979/2/972 
f 981/2/974 971/2/964 979/2/972 
f 981/2/974 972/2/965 971/2/964 
f 980/2/973 977/2/970 976/2/969 
f 980/2/973 979/2/972 977/2/970 
f 979/2/972 973/2/966 977/2/970 
f 979/2/972 971/2/964 973/2/966 
f 862/2/855 982/2/975 983/2/976 
f 862/2/855 984/2/977 982/2/975 
f 984/2/977 985/2/978 982/2/975 
f 984/2/977 986/2/979 985/2/978 
f 983/2/976 987/2/980 988/2/981 
f 983/2/976 982/2/975 987/2/980 
f 982/2/975 989/2/982 987/2/980 
f 982/2/975 985/2/978 989/2/982 
f 990/2/983 925/2/918 991/2/984 
f 990/2/983 923/2/916 925/2/918 
f 991/2/984 930/2/923 992/2/985 
f 991/2/984 925/2/918 930/2/923 
f 986/2/979 991/2/984 985/2/978 
f 986/2/979 990/2/983 991/2/984 
f 985/2/978 992/2/985 989/2/982 
f 985/2/978 991/2/984 992/2/985 
f 947/2/940 993/2/986 945/2/938 
f 947/2/940 994/2/987 993/2/986 
f 994/2/987 995/2/988 993/2/986 
f 994/2/987 996/2/989 995/2/988 
f 945/2/938 992/2/985 930/2/923 
f 945/2/938 993/2/986 992/2/985 
f 993/2/986 989/2/982 992/2/985 
f 993/2/986 995/2/988 989/2/982 
f 997/2/990 998/2/991 999/2/992 
f 997/2/990 1000/2/993 998/2/991 
f 999/2/992 988/2/981 987/2/980 
f 999/2/992 998/2/991 988/2/981 
f 996/2/989 999/2/992 995/2/988 
f 996/2/989 997/2/990 999/2/992 
f 995/2/988 987/2/980 989/2/982 
f 995/2/988 999/2/992 987/2/980 
f 871/2/864 1001/2/994 1002/2/995 
f 871/2/864 868/2/861 1001/2/994 
f 868/2/861 1003/2/996 1001/2/994 
f 868/2/861 867/2/860 1003/2/996 
f 1002/2/995 1004/2/997 1005/2/998 
f 1002/2/995 1001/2/994 1004/2/997 
f 1001/2/994 1006/2/999 1004/2/997 
f 1001/2/994 1003/2/996 1006/2/999 
f 865/2/858 983/2/976 1007/2/1000 
f 865/2/858 862/2/855 983/2/976 
f 1007/2/1000 988/2/981 1008/2/1001 
f 1007/2/1000 983/2/976 988/2/981 
f 867/2/860 1007/2/1000 1003/2/996 
f 867/2/860 865/2/858 1007/2/1000 
f 1003/2/996 1008/2/1001 1006/2/999 
f 1003/2/996 1007/2/1000 1008/2/1001 
f 1000/2/993 1009/2/1002 998/2/991 
f 1000/2/993 1010/2/1003 1009/2/1002 
f 1010/2/1003 1011/2/1004 1009/2/1002 
f 1010/2/1003 1012/2/1005 1011/2/1004 
f 998/2/991 1008/2/1001 988/2/981 
f 998/2/991 1009/2/1002 1008/2/1001 
f 1009/2/1002 1006/2/999 1008/2/1001 
f 1009/2/1002 1011/2/1004 1006/2/999 
f 1013/2/1006 1014/2/1007 1015/2/1008 
f 1013/2/1006 1016/2/1009 1014/2/1007 
f 1015/2/1008 1005/2/998 1004/2/997 
f 1015/2/1008 1014/2/1007 1005/2/998 
f 1012/2/1005 1015/2/1008 1011/2/1004 
f 1012/2/1005 1013/2/1006 1015/2/1008 
f 1011/2/1004 1004/2/997 1006/2/999 
f 1011/2/1004 1015/2/1008 1004/2/997 
f 1017/2/1010 1018/2/1011 1019/2/1012 
f 1017/2/1010 1020/2/1013 1018/2/1011 
f 1020/2/1013 1021/2/1014 1018/2/1011 
f 1020/2/1013 1022/2/1015 1021/2/1014 
f 1019/2/1012 1023/2/1016 1024/2/1017 
f 1019/2/1012 1018/2/1011 1023/2/1016 
f 1018/2/1011 1025/2/1018 1023/2/1016 
f 1018/2/1011 1021/2/1014 1025/2/1018 
f 1026/2/1019 824/2/817 1027/2/1020 
f 1026/2/1019 822/2/815 824/2/817 
f 1027/2/1020 820/2/813 1028/2/1021 
f 1027/2/1020 824/2/817 820/2/813 
f 1022/2/1015 1027/2/1020 1021/2/1014 
f 1022/2/1015 1026/2/1019 1027/2/1020 
f 1021/2/1014 1028/2/1021 1025/2/1018 
f 1021/2/1014 1027/2/1020 1028/2/1021 
f 819/2/812 1029/2/1022 817/2/810 
f 819/2/812 1030/2/1023 1029/2/1022 
f 1030/2/1023 1031/2/1024 1029/2/1022 
f 1030/2/1023 1032/2/1025 1031/2/1024 
f 817/2/810 1028/2/1021 820/2/813 
f 817/2/810 1029/2/1022 1028/2/1021 
f 1029/2/1022 1025/2/1018 1028/2/1021 
f 1029/2/1022 1031/2/1024 1025/2/1018 
f 1033/2/1026 1034/2/1027 1035/2/1028 
f 1033/2/1026 1036/2/1029 1034/2/1027 
f 1035/2/1028 1024/2/1017 1023/2/1016 
f 1035/2/1028 1034/2/1027 1024/2/1017 
f 1032/2/1025 1035/2/1028 1031/2/1024 
f 1032/2/1025 1033/2/1026 1035/2/1028 
f 1031/2/1024 1023/2/1016 1025/2/1018 
f 1031/2/1024 1035/2/1028 1023/2/1016 
f 1036/2/1029 1037/2/1030 1038/2/1031 
f 1036/2/1029 1033/2/1026 1037/2/1030 
f 1033/2/1026 1039/2/1032 1037/2/1030 
f 1033/2/1026 1032/2/1025 1039/2/1032 
f 1038/2/1031 1040/2/1033 1041/2/1034 
f 1038/2/1031 1037/2/1030 1040/2/1033 
f 1037/2/1030 1042/2/1035 1040/2/1033 
f 1037/2/1030 1039/2/1032 1042/2/1035 
f 1030/2/1023 816/2/809 1043/2/1036 
f 1030/2/1023 819/2/812 816/2/809 
f 1043/2/1036 812/2/805 1044/2/1037 
f 1043/2/1036 816/2/809 812/2/805 
f 1032/2/1025 1043/2/1036 1039/2/1032 
f 1032/2/1025 1030/2/1023 1043/2/1036 
f 1039/2/1032 1044/2/1037 1042/2/1035 
f 1039/2/1032 1043/2/1036 1044/2/1037 
f 807/2/800 1045/2/1038 810/2/803 
f 807/2/800 1046/2/1039 1045/2/1038 
f 1046/2/1039 1047/2/1040 1045/2/1038 
f 1046/2/1039 1048/2/1041 1047/2/1040 
f 810/2/803 1044/2/1037 812/2/805 
f 810/2/803 1045/2/1038 1044/2/1037 
f 1045/2/1038 1042/2/1035 1044/2/1037 
f 1045/2/1038 1047/2/1040 1042/2/1035 
f 1049/2/1042 1050/2/1043 1051/2/1044 
f 1049/2/1042 1052/2/1045 1050/2/1043 
f 1051/2/1044 1041/2/1034 1040/2/1033 
f 1051/2/1044 1050/2/1043 1041/2/1034 
f 1048/2/1041 1051/2/1044 1047/2/1040 
f 1048/2/1041 1049/2/1042 1051/2/1044 
f 1047/2/1040 1040/2/1033 1042/2/1035 
f 1047/2/1040 1051/2/1044 1040/2/1033 
f 1052/2/1045 1053/2/1046 1054/2/1047 
f 1052/2/1045 1049/2/1042 1053/2/1046 
f 1049/2/1042 1055/2/1048 1053/2/1046 
f 1049/2/1042 1048/2/1041 1055/2/1048 
f 1054/2/1047 1056/2/1049 1057/2/1050 
f 1054/2/1047 1053/2/1046 1056/2/1049 
f 1053/2/1046 1058/2/1051 1056/2/1049 
f 1053/2/1046 1055/2/1048 1058/2/1051 
f 1046/2/1039 1059/2/1052 1060/2/1053 
f 1046/2/1039 807/2/800 1059/2/1052 
f 1060/2/1053 1061/2/1054 1062/2/1055 
f 1060/2/1053 1059/2/1052 1061/2/1054 
f 1048/2/1041 1060/2/1053 1055/2/1048 
f 1048/2/1041 1046/2/1039 1060/2/1053 
f 1055/2/1048 1062/2/1055 1058/2/1051 
f 1055/2/1048 1060/2/1053 1062/2/1055 
f 1063/2/1056 1064/2/1057 1065/2/1058 
f 1063/2/1056 1066/2/1059 1064/2/1057 
f 1066/2/1059 1056/2/1049 1064/2/1057 
f 1066/2/1059 1057/2/1050 1056/2/1049 
f 1065/2/1058 1062/2/1055 1061/2/1054 
f 1065/2/1058 1064/2/1057 1062/2/1055 
f 1064/2/1057 1058/2/1051 1062/2/1055 
f 1064/2/1057 1056/2/1049 1058/2/1051 
f 1063/2/1056 1067/2/1060 1068/2/1061 
f 1063/2/1056 1065/2/1058 1067/2/1060 
f 1065/2/1058 1069/2/1062 1067/2/1060 
f 1065/2/1058 1061/2/1054 1069/2/1062 
f 1068/2/1061 1070/2/1063 1071/2/1064 
f 1068/2/1061 1067/2/1060 1070/2/1063 
f 1067/2/1060 1072/2/1065 1070/2/1063 
f 1067/2/1060 1069/2/1062 1072/2/1065 
f 1059/2/1052 809/2/802 1073/2/1066 
f 1059/2/1052 807/2/800 809/2/802 
f 1073/2/1066 814/2/807 1074/2/1067 
f 1073/2/1066 809/2/802 814/2/807 
f 1061/2/1054 1073/2/1066 1069/2/1062 
f 1061/2/1054 1059/2/1052 1073/2/1066 
f 1069/2/1062 1074/2/1067 1072/2/1065 
f 1069/2/1062 1073/2/1066 1074/2/1067 
f 831/2/824 1075/2/1068 829/2/822 
f 831/2/824 1076/2/1069 1075/2/1068 
f 1076/2/1069 1077/2/1070 1075/2/1068 
f 1076/2/1069 1078/2/1071 1077/2/1070 
f 829/2/822 1074/2/1067 814/2/807 
f 829/2/822 1075/2/1068 1074/2/1067 
f 1075/2/1068 1072/2/1065 1074/2/1067 
f 1075/2/1068 1077/2/1070 1072/2/1065 
f 1079/2/1072 1080/2/1073 1081/2/1074 
f 1079/2/1072 1082/2/1075 1080/2/1073 
f 1081/2/1074 1071/2/1064 1070/2/1063 
f 1081/2/1074 1080/2/1073 1071/2/1064 
f 1078/2/1071 1081/2/1074 1077/2/1070 
f 1078/2/1071 1079/2/1072 1081/2/1074 
f 1077/2/1070 1070/2/1063 1072/2/1065 
f 1077/2/1070 1081/2/1074 1070/2/1063 
f 1016/2/1009 1083/2/1076 1014/2/1007 
f 1016/2/1009 1084/2/1077 1083/2/1076 
f 1084/2/1077 1085/2/1078 1083/2/1076 
f 1084/2/1077 1086/2/1079 1085/2/1078 
f 1014/2/1007 1087/2/1080 1005/2/998 
f 1014/2/1007 1083/2/1076 1087/2/1080 
f 1083/2/1076 1088/2/1081 1087/2/1080 
f 1083/2/1076 1085/2/1078 1088/2/1081 
f 1089/2/1082 1019/2/1012 1090/2/1083 
f 1089/2/1082 1017/2/1010 1019/2/1012 
f 1090/2/1083 1024/2/1017 1091/2/1084 
f 1090/2/1083 1019/2/1012 1024/2/1017 
f 1086/2/1079 1090/2/1083 1085/2/1078 
f 1086/2/1079 1089/2/1082 1090/2/1083 
f 1085/2/1078 1091/2/1084 1088/2/1081 
f 1085/2/1078 1090/2/1083 1091/2/1084 
f 1036/2/1029 1092/2/1085 1034/2/1027 
f 1036/2/1029 1093/2/1086 1092/2/1085 
f 1093/2/1086 1094/2/1087 1092/2/1085 
f 1093/2/1086 1095/2/1088 1094/2/1087 
f 1034/2/1027 1091/2/1084 1024/2/1017 
f 1034/2/1027 1092/2/1085 1091/2/1084 
f 1092/2/1085 1088/2/1081 1091/2/1084 
f 1092/2/1085 1094/2/1087 1088/2/1081 
f 1096/2/1089 1002/2/995 1097/2/1090 
f 1096/2/1089 871/2/864 1002/2/995 
f 1097/2/1090 1005/2/998 1087/2/1080 
f 1097/2/1090 1002/2/995 1005/2/998 
f 1095/2/1088 1097/2/1090 1094/2/1087 
f 1095/2/1088 1096/2/1089 1097/2/1090 
f 1094/2/1087 1087/2/1080 1088/2/1081 
f 1094/2/1087 1097/2/1090 1087/2/1080 
f 871/2/864 1098/2/1091 869/2/862 
f 871/2/864 1096/2/1089 1098/2/1091 
f 1096/2/1089 1099/2/1092 1098/2/1091 
f 1096/2/1089 1095/2/1088 1099/2/1092 
f 869/2/862 1100/2/1093 854/2/847 
f 869/2/862 1098/2/1091 1100/2/1093 
f 1098/2/1091 1101/2/1094 1100/2/1093 
f 1098/2/1091 1099/2/1092 1101/2/1094 
f 1093/2/1086 1038/2/1031 1102/2/1095 
f 1093/2/1086 1036/2/1029 1038/2/1031 
f 1102/2/1095 1041/2/1034 1103/2/1096 
f 1102/2/1095 1038/2/1031 1041/2/1034 
f 1095/2/1088 1102/2/1095 1099/2/1092 
f 1095/2/1088 1093/2/1086 1102/2/1095 
f 1099/2/1092 1103/2/1096 1101/2/1094 
f 1099/2/1092 1102/2/1095 1103/2/1096 
f 1052/2/1045 1104/2/1097 1050/2/1043 
f 1052/2/1045 1105/2/1098 1104/2/1097 
f 1105/2/1098 1106/2/1099 1104/2/1097 
f 1105/2/1098 1107/2/1100 1106/2/1099 
f 1050/2/1043 1103/2/1096 1041/2/1034 
f 1050/2/1043 1104/2/1097 1103/2/1096 
f 1104/2/1097 1101/2/1094 1103/2/1096 
f 1104/2/1097 1106/2/1099 1101/2/1094 
f 1108/2/1101 849/2/842 1109/2/1102 
f 1108/2/1101 847/2/840 849/2/842 
f 1109/2/1102 854/2/847 1100/2/1093 
f 1109/2/1102 849/2/842 854/2/847 
f 1107/2/1100 1109/2/1102 1106/2/1099 
f 1107/2/1100 1108/2/1101 1109/2/1102 
f 1106/2/1099 1100/2/1093 1101/2/1094 
f 1106/2/1099 1109/2/1102 1100/2/1093 
f 847/2/840 1110/2/1103 885/2/878 
f 847/2/840 1108/2/1101 1110/2/1103 
f 1108/2/1101 1111/2/1104 1110/2/1103 
f 1108/2/1101 1107/2/1100 1111/2/1104 
f 885/2/878 1112/2/1105 876/2/869 
f 885/2/878 1110/2/1103 1112/2/1105 
f 1110/2/1103 1113/2/1106 1112/2/1105 
f 1110/2/1103 1111/2/1104 1113/2/1106 
f 1105/2/1098 1054/2/1047 1114/2/1107 
f 1105/2/1098 1052/2/1045 1054/2/1047 
f 1114/2/1107 1057/2/1050 1115/2/1108 
f 1114/2/1107 1054/2/1047 1057/2/1050 
f 1107/2/1100 1114/2/1107 1111/2/1104 
f 1107/2/1100 1105/2/1098 1114/2/1107 
f 1111/2/1104 1115/2/1108 1113/2/1106 
f 1111/2/1104 1114/2/1107 1115/2/1108 
f 1063/2/1056 1116/2/1109 1066/2/1059 
f 1063/2/1056 1117/2/1110 1116/2/1109 
f 1117/2/1110 1118/2/1111 1116/2/1109 
f 1117/2/1110 1119/2/1112 1118/2/1111 
f 1066/2/1059 1115/2/1108 1057/2/1050 
f 1066/2/1059 1116/2/1109 1115/2/1108 
f 1116/2/1109 1113/2/1106 1115/2/1108 
f 1116/2/1109 1118/2/1111 1113/2/1106 
f 1120/2/1113 873/2/866 1121/2/1114 
f 1120/2/1113 724/2/721 873/2/866 
f 1121/2/1114 876/2/869 1112/2/1105 
f 1121/2/1114 873/2/866 876/2/869 
f 1119/2/1112 1121/2/1114 1118/2/1111 
f 1119/2/1112 1120/2/1113 1121/2/1114 
f 1118/2/1111 1112/2/1105 1113/2/1106 
f 1118/2/1111 1121/2/1114 1112/2/1105 
f 724/2/721 1122/2/1115 722/2/719 
f 724/2/721 1120/2/1113 1122/2/1115 
f 1120/2/1113 1123/2/1116 1122/2/1115 
f 1120/2/1113 1119/2/1112 1123/2/1116 
f 722/2/719 1124/2/1117 725/2/722 
f 722/2/719 1122/2/1115 1124/2/1117 
f 1122/2/1115 1125/2/1118 1124/2/1117 
f 1122/2/1115 1123/2/1116 1125/2/1118 
f 1117/2/1110 1068/2/1061 1126/2/1119 
f 1117/2/1110 1063/2/1056 1068/2/1061 
f 1126/2/1119 1071/2/1064 1127/2/1120 
f 1126/2/1119 1068/2/1061 1071/2/1064 
f 1119/2/1112 1126/2/1119 1123/2/1116 
f 1119/2/1112 1117/2/1110 1126/2/1119 
f 1123/2/1116 1127/2/1120 1125/2/1118 
f 1123/2/1116 1126/2/1119 1127/2/1120 
f 1082/2/1075 1128/2/1121 1080/2/1073 
f 1082/2/1075 1129/2/1122 1128/2/1121 
f 1129/2/1122 1130/2/1123 1128/2/1121 
f 1129/2/1122 1131/2/1124 1130/2/1123 
f 1080/2/1073 1127/2/1120 1071/2/1064 
f 1080/2/1073 1128/2/1121 1127/2/1120 
f 1128/2/1121 1125/2/1118 1127/2/1120 
f 1128/2/1121 1130/2/1123 1125/2/1118 
f 1132/2/1125 729/2/726 1133/2/1126 
f 1132/2/1125 727/2/724 729/2/726 
f 1133/2/1126 725/2/722 1124/2/1117 
f 1133/2/1126 729/2/726 725/2/722 
f 1131/2/1124 1133/2/1126 1130/2/1123 
f 1131/2/1124 1132/2/1125 1133/2/1126 
f 1130/2/1123 1124/2/1117 1125/2/1118 
f 1130/2/1123 1133/2/1126 1124/2/1117 
f 957/2/950 1134/2/1127 1135/2/1128 
f 957/2/950 954/2/947 1134/2/1127 
f 954/2/947 1136/2/1129 1134/2/1127 
f 954/2/947 951/2/944 1136/2/1129 
f 1135/2/1128 1137/2/1130 1138/2/1131 
f 1135/2/1128 1134/2/1127 1137/2/1130 
f 1134/2/1127 1139/2/1132 1137/2/1130 
f 1134/2/1127 1136/2/1129 1139/2/1132 
f 949/2/942 1140/2/1133 1141/2/1134 
f 949/2/942 935/2/928 1140/2/1133 
f 1141/2/1134 1142/2/1135 1143/2/1136 
f 1141/2/1134 1140/2/1133 1142/2/1135 
f 951/2/944 1141/2/1134 1136/2/1129 
f 951/2/944 949/2/942 1141/2/1134 
f 1136/2/1129 1143/2/1136 1139/2/1132 
f 1136/2/1129 1141/2/1134 1143/2/1136 
f 633/2/631 1144/2/1137 1145/2/1138 
f 633/2/631 645/2/643 1144/2/1137 
f 645/2/643 1146/2/1139 1144/2/1137 
f 645/2/643 640/2/638 1146/2/1139 
f 1145/2/1138 1143/2/1136 1142/2/1135 
f 1145/2/1138 1144/2/1137 1143/2/1136 
f 1144/2/1137 1139/2/1132 1143/2/1136 
f 1144/2/1137 1146/2/1139 1139/2/1132 
f 637/2/635 1147/2/1140 1148/2/1141 
f 637/2/635 636/2/634 1147/2/1140 
f 1148/2/1141 1138/2/1131 1137/2/1130 
f 1148/2/1141 1147/2/1140 1138/2/1131 
f 640/2/638 1148/2/1141 1146/2/1139 
f 640/2/638 637/2/635 1148/2/1141 
f 1146/2/1139 1137/2/1130 1139/2/1132 
f 1146/2/1139 1148/2/1141 1137/2/1130 
f 633/2/631 1149/2/1142 634/2/632 
f 633/2/631 1145/2/1138 1149/2/1142 
f 1145/2/1138 1150/2/1143 1149/2/1142 
f 1145/2/1138 1142/2/1135 1150/2/1143 
f 634/2/632 1151/2/1144 618/2/616 
f 634/2/632 1149/2/1142 1151/2/1144 
f 1149/2/1142 1152/2/1145 1151/2/1144 
f 1149/2/1142 1150/2/1143 1152/2/1145 
f 1140/2/1133 932/2/925 1153/2/1146 
f 1140/2/1133 935/2/928 932/2/925 
f 1153/2/1146 928/2/921 1154/2/1147 
f 1153/2/1146 932/2/925 928/2/921 
f 1142/2/1135 1153/2/1146 1150/2/1143 
f 1142/2/1135 1140/2/1133 1153/2/1146 
f 1150/2/1143 1154/2/1147 1152/2/1145 
f 1150/2/1143 1153/2/1146 1154/2/1147 
f 923/2/916 1155/2/1148 926/2/919 
f 923/2/916 1156/2/1149 1155/2/1148 
f 1156/2/1149 1157/2/1150 1155/2/1148 
f 1156/2/1149 1158/2/1151 1157/2/1150 
f 926/2/919 1154/2/1147 928/2/921 
f 926/2/919 1155/2/1148 1154/2/1147 
f 1155/2/1148 1152/2/1145 1154/2/1147 
f 1155/2/1148 1157/2/1150 1152/2/1145 
f 1159/2/1152 614/2/612 1160/2/1153 
f 1159/2/1152 611/2/609 614/2/612 
f 1160/2/1153 618/2/616 1151/2/1144 
f 1160/2/1153 614/2/612 618/2/616 
f 1158/2/1151 1160/2/1153 1157/2/1150 
f 1158/2/1151 1159/2/1152 1160/2/1153 
f 1157/2/1150 1151/2/1144 1152/2/1145 
f 1157/2/1150 1160/2/1153 1151/2/1144 
f 611/2/609 1161/2/1154 841/2/834 
f 611/2/609 1159/2/1152 1161/2/1154 
f 1159/2/1152 1162/2/1155 1161/2/1154 
f 1159/2/1152 1158/2/1151 1162/2/1155 
f 841/2/834 1163/2/1156 843/2/836 
f 841/2/834 1161/2/1154 1163/2/1156 
f 1161/2/1154 1164/2/1157 1163/2/1156 
f 1161/2/1154 1162/2/1155 1164/2/1157 
f 1156/2/1149 990/2/983 1165/2/1158 
f 1156/2/1149 923/2/916 990/2/983 
f 1165/2/1158 986/2/979 1166/2/1159 
f 1165/2/1158 990/2/983 986/2/979 
f 1158/2/1151 1165/2/1158 1162/2/1155 
f 1158/2/1151 1156/2/1149 1165/2/1158 
f 1162/2/1155 1166/2/1159 1164/2/1157 
f 1162/2/1155 1165/2/1158 1166/2/1159 
f 862/2/855 1167/2/1160 984/2/977 
f 862/2/855 1168/2/1161 1167/2/1160 
f 1168/2/1161 1169/2/1162 1167/2/1160 
f 1168/2/1161 1170/2/1163 1169/2/1162 
f 984/2/977 1166/2/1159 986/2/979 
f 984/2/977 1167/2/1160 1166/2/1159 
f 1167/2/1160 1164/2/1157 1166/2/1159 
f 1167/2/1160 1169/2/1162 1164/2/1157 
f 1171/2/1164 845/2/838 1172/2/1165 
f 1171/2/1164 608/2/606 845/2/838 
f 1172/2/1165 843/2/836 1163/2/1156 
f 1172/2/1165 845/2/838 843/2/836 
f 1170/2/1163 1172/2/1165 1169/2/1162 
f 1170/2/1163 1171/2/1164 1172/2/1165 
f 1169/2/1162 1163/2/1156 1164/2/1157 
f 1169/2/1162 1172/2/1165 1163/2/1156 
f 608/2/606 1173/2/1166 609/2/607 
f 608/2/606 1171/2/1164 1173/2/1166 
f 1171/2/1164 1174/2/1167 1173/2/1166 
f 1171/2/1164 1170/2/1163 1174/2/1167 
f 609/2/607 1175/2/1168 593/2/591 
f 609/2/607 1173/2/1166 1175/2/1168 
f 1173/2/1166 1176/2/1169 1175/2/1168 
f 1173/2/1166 1174/2/1167 1176/2/1169 
f 1168/2/1161 864/2/857 1177/2/1170 
f 1168/2/1161 862/2/855 864/2/857 
f 1177/2/1170 860/2/853 1178/2/1171 
f 1177/2/1170 864/2/857 860/2/853 
f 1170/2/1163 1177/2/1170 1174/2/1167 
f 1170/2/1163 1168/2/1161 1177/2/1170 
f 1174/2/1167 1178/2/1171 1176/2/1169 
f 1174/2/1167 1177/2/1170 1178/2/1171 
f 859/2/852 1179/2/1172 857/2/850 
f 859/2/852 1180/2/1173 1179/2/1172 
f 1180/2/1173 1181/2/1174 1179/2/1172 
f 1180/2/1173 1182/2/1175 1181/2/1174 
f 857/2/850 1178/2/1171 860/2/853 
f 857/2/850 1179/2/1172 1178/2/1171 
f 1179/2/1172 1176/2/1169 1178/2/1171 
f 1179/2/1172 1181/2/1174 1176/2/1169 
f 1183/2/1176 589/2/587 1184/2/1177 
f 1183/2/1176 586/2/584 589/2/587 
f 1184/2/1177 593/2/591 1175/2/1168 
f 1184/2/1177 589/2/587 593/2/591 
f 1182/2/1175 1184/2/1177 1181/2/1174 
f 1182/2/1175 1183/2/1176 1184/2/1177 
f 1181/2/1174 1175/2/1168 1176/2/1169 
f 1181/2/1174 1184/2/1177 1175/2/1168 
f 887/2/880 1185/2/1178 1186/2/1179 
f 887/2/880 890/2/883 1185/2/1178 
f 890/2/883 1187/2/1180 1185/2/1178 
f 890/2/883 894/2/887 1187/2/1180 
f 1186/2/1179 1188/2/1181 1189/2/1182 
f 1186/2/1179 1185/2/1178 1188/2/1181 
f 1185/2/1178 1190/2/1183 1188/2/1181 
f 1185/2/1178 1187/2/1180 1190/2/1183 
f 905/2/898 1183/2/1176 1191/2/1184 
f 905/2/898 586/2/584 1183/2/1176 
f 1191/2/1184 1182/2/1175 1192/2/1185 
f 1191/2/1184 1183/2/1176 1182/2/1175 
f 894/2/887 1191/2/1184 1187/2/1180 
f 894/2/887 905/2/898 1191/2/1184 
f 1187/2/1180 1192/2/1185 1190/2/1183 
f 1187/2/1180 1191/2/1184 1192/2/1185 
f 859/2/852 1193/2/1186 1180/2/1173 
f 859/2/852 883/2/876 1193/2/1186 
f 883/2/876 1194/2/1187 1193/2/1186 
f 883/2/876 880/2/873 1194/2/1187 
f 1180/2/1173 1192/2/1185 1182/2/1175 
f 1180/2/1173 1193/2/1186 1192/2/1185 
f 1193/2/1186 1190/2/1183 1192/2/1185 
f 1193/2/1186 1194/2/1187 1190/2/1183 
f 878/2/871 1195/2/1188 1196/2/1189 
f 878/2/871 712/2/709 1195/2/1188 
f 1196/2/1189 1189/2/1182 1188/2/1181 
f 1196/2/1189 1195/2/1188 1189/2/1182 
f 880/2/873 1196/2/1189 1194/2/1187 
f 880/2/873 878/2/871 1196/2/1189 
f 1194/2/1187 1188/2/1181 1190/2/1183 
f 1194/2/1187 1196/2/1189 1188/2/1181 
f 897/2/890 1197/2/1190 911/2/904 
f 897/2/890 1198/2/1191 1197/2/1190 
f 1198/2/1191 1199/2/1192 1197/2/1190 
f 1198/2/1191 1200/2/1193 1199/2/1192 
f 911/2/904 1201/2/1194 913/2/906 
f 911/2/904 1197/2/1190 1201/2/1194 
f 1197/2/1190 1202/2/1195 1201/2/1194 
f 1197/2/1190 1199/2/1192 1202/2/1195 
f 1203/2/1196 1204/2/1197 1205/2/1198 
f 1203/2/1196 737/2/734 1204/2/1197 
f 1205/2/1198 1206/2/1199 1207/2/1200 
f 1205/2/1198 1204/2/1197 1206/2/1199 
f 1200/2/1193 1205/2/1198 1199/2/1192 
f 1200/2/1193 1203/2/1196 1205/2/1198 
f 1199/2/1192 1207/2/1200 1202/2/1195 
f 1199/2/1192 1205/2/1198 1207/2/1200 
f 1208/2/1201 1209/2/1202 1210/2/1203 
f 1208/2/1201 1211/2/1204 1209/2/1202 
f 1211/2/1204 1212/2/1205 1209/2/1202 
f 1211/2/1204 1213/2/1206 1212/2/1205 
f 1210/2/1203 1207/2/1200 1206/2/1199 
f 1210/2/1203 1209/2/1202 1207/2/1200 
f 1209/2/1202 1202/2/1195 1207/2/1200 
f 1209/2/1202 1212/2/1205 1202/2/1195 
f 1214/2/1207 918/2/911 1215/2/1208 
f 1214/2/1207 915/2/908 918/2/911 
f 1215/2/1208 913/2/906 1201/2/1194 
f 1215/2/1208 918/2/911 913/2/906 
f 1213/2/1206 1215/2/1208 1212/2/1205 
f 1213/2/1206 1214/2/1207 1215/2/1208 
f 1212/2/1205 1201/2/1194 1202/2/1195 
f 1212/2/1205 1215/2/1208 1201/2/1194 
f 712/2/709 1216/2/1209 1195/2/1188 
f 712/2/709 746/2/743 1216/2/1209 
f 746/2/743 1217/2/1210 1216/2/1209 
f 746/2/743 742/2/739 1217/2/1210 
f 1195/2/1188 1218/2/1211 1189/2/1182 
f 1195/2/1188 1216/2/1209 1218/2/1211 
f 1216/2/1209 1219/2/1212 1218/2/1211 
f 1216/2/1209 1217/2/1210 1219/2/1212 
f 740/2/737 1203/2/1196 1220/2/1213 
f 740/2/737 737/2/734 1203/2/1196 
f 1220/2/1213 1200/2/1193 1221/2/1214 
f 1220/2/1213 1203/2/1196 1200/2/1193 
f 742/2/739 1220/2/1213 1217/2/1210 
f 742/2/739 740/2/737 1220/2/1213 
f 1217/2/1210 1221/2/1214 1219/2/1212 
f 1217/2/1210 1220/2/1213 1221/2/1214 
f 897/2/890 1222/2/1215 1198/2/1191 
f 897/2/890 896/2/889 1222/2/1215 
f 896/2/889 1223/2/1216 1222/2/1215 
f 896/2/889 891/2/884 1223/2/1216 
f 1198/2/1191 1221/2/1214 1200/2/1193 
f 1198/2/1191 1222/2/1215 1221/2/1214 
f 1222/2/1215 1219/2/1212 1221/2/1214 
f 1222/2/1215 1223/2/1216 1219/2/1212 
f 888/2/881 1186/2/1179 1224/2/1217 
f 888/2/881 887/2/880 1186/2/1179 
f 1224/2/1217 1189/2/1182 1218/2/1211 
f 1224/2/1217 1186/2/1179 1189/2/1182 
f 891/2/884 1224/2/1217 1223/2/1216 
f 891/2/884 888/2/881 1224/2/1217 
f 1223/2/1216 1218/2/1211 1219/2/1212 
f 1223/2/1216 1224/2/1217 1218/2/1211 
f 636/2/634 1225/2/1218 1147/2/1140 
f 636/2/634 1226/2/1219 1225/2/1218 
f 1226/2/1219 1227/2/1220 1225/2/1218 
f 1226/2/1219 1228/2/1221 1227/2/1220 
f 1147/2/1140 1229/2/1222 1138/2/1131 
f 1147/2/1140 1225/2/1218 1229/2/1222 
f 1225/2/1218 1230/2/1223 1229/2/1222 
f 1225/2/1218 1227/2/1220 1230/2/1223 
f 1231/2/1224 791/2/788 1232/2/1225 
f 1231/2/1224 794/2/791 791/2/788 
f 1232/2/1225 787/2/784 1233/2/1226 
f 1232/2/1225 791/2/788 787/2/784 
f 1228/2/1221 1232/2/1225 1227/2/1220 
f 1228/2/1221 1231/2/1224 1232/2/1225 
f 1227/2/1220 1233/2/1226 1230/2/1223 
f 1227/2/1220 1232/2/1225 1233/2/1226 
f 782/2/779 1234/2/1227 785/2/782 
f 782/2/779 1235/2/1228 1234/2/1227 
f 1235/2/1228 1236/2/1229 1234/2/1227 
f 1235/2/1228 1237/2/1230 1236/2/1229 
f 785/2/782 1233/2/1226 787/2/784 
f 785/2/782 1234/2/1227 1233/2/1226 
f 1234/2/1227 1230/2/1223 1233/2/1226 
f 1234/2/1227 1236/2/1229 1230/2/1223 
f 1238/2/1231 1135/2/1128 1239/2/1232 
f 1238/2/1231 957/2/950 1135/2/1128 
f 1239/2/1232 1138/2/1131 1229/2/1222 
f 1239/2/1232 1135/2/1128 1138/2/1131 
f 1237/2/1230 1239/2/1232 1236/2/1229 
f 1237/2/1230 1238/2/1231 1239/2/1232 
f 1236/2/1229 1229/2/1222 1230/2/1223 
f 1236/2/1229 1239/2/1232 1229/2/1222 
f 957/2/950 1240/2/1233 955/2/948 
f 957/2/950 1238/2/1231 1240/2/1233 
f 1238/2/1231 1241/2/1234 1240/2/1233 
f 1238/2/1231 1237/2/1230 1241/2/1234 
f 955/2/948 1242/2/1235 958/2/951 
f 955/2/948 1240/2/1233 1242/2/1235 
f 1240/2/1233 1243/2/1236 1242/2/1235 
f 1240/2/1233 1241/2/1234 1243/2/1236 
f 1235/2/1228 969/2/962 1244/2/1237 
f 1235/2/1228 782/2/779 969/2/962 
f 1244/2/1237 972/2/965 1245/2/1238 
f 1244/2/1237 969/2/962 972/2/965 
f 1237/2/1230 1244/2/1237 1241/2/1234 
f 1237/2/1230 1235/2/1228 1244/2/1237 
f 1241/2/1234 1245/2/1238 1243/2/1236 
f 1241/2/1234 1244/2/1237 1245/2/1238 
f 978/2/971 1246/2/1239 981/2/974 
f 978/2/971 1247/2/1240 1246/2/1239 
f 1247/2/1240 1248/2/1241 1246/2/1239 
f 1247/2/1240 1249/2/1242 1248/2/1241 
f 981/2/974 1245/2/1238 972/2/965 
f 981/2/974 1246/2/1239 1245/2/1238 
f 1246/2/1239 1243/2/1236 1245/2/1238 
f 1246/2/1239 1248/2/1241 1243/2/1236 
f 1250/2/953 962/2/955 1251/2/1243 
f 1250/2/953 960/2/953 962/2/955 
f 1251/2/1243 958/2/951 1242/2/1235 
f 1251/2/1243 962/2/955 958/2/951 
f 1249/2/1242 1251/2/1243 1248/2/1241 
f 1249/2/1242 1250/2/953 1251/2/1243 
f 1248/2/1241 1242/2/1235 1243/2/1236 
f 1248/2/1241 1251/2/1243 1242/2/1235 
f 636/2/634 1252/2/1244 1226/2/1219 
f 636/2/634 639/2/637 1252/2/1244 
f 639/2/637 1253/2/1245 1252/2/1244 
f 639/2/637 643/2/641 1253/2/1245 
f 1226/2/1219 1254/2/1246 1228/2/1221 
f 1226/2/1219 1252/2/1244 1254/2/1246 
f 1252/2/1244 1255/2/1247 1254/2/1246 
f 1252/2/1244 1253/2/1245 1255/2/1247 
f 654/2/652 1256/2/1248 1257/2/1249 
f 654/2/652 653/2/651 1256/2/1248 
f 1257/2/1249 1258/2/1250 1259/2/1251 
f 1257/2/1249 1256/2/1248 1258/2/1250 
f 643/2/641 1257/2/1249 1253/2/1245 
f 643/2/641 654/2/652 1257/2/1249 
f 1253/2/1245 1259/2/1251 1255/2/1247 
f 1253/2/1245 1257/2/1249 1259/2/1251 
f 757/2/754 1260/2/1252 1261/2/1253 
f 757/2/754 1262/2/1254 1260/2/1252 
f 1262/2/1254 1263/2/1255 1260/2/1252 
f 1262/2/1254 1264/2/1256 1263/2/1255 
f 1261/2/1253 1259/2/1251 1258/2/1250 
f 1261/2/1253 1260/2/1252 1259/2/1251 
f 1260/2/1252 1255/2/1247 1259/2/1251 
f 1260/2/1252 1263/2/1255 1255/2/1247 
f 1265/2/1257 1231/2/1224 1266/2/1258 
f 1265/2/1257 794/2/791 1231/2/1224 
f 1266/2/1258 1228/2/1221 1254/2/1246 
f 1266/2/1258 1231/2/1224 1228/2/1221 
f 1264/2/1256 1266/2/1258 1263/2/1255 
f 1264/2/1256 1265/2/1257 1266/2/1258 
f 1263/2/1255 1254/2/1246 1255/2/1247 
f 1263/2/1255 1266/2/1258 1254/2/1246 
f 794/2/791 1267/2/1259 792/2/789 
f 794/2/791 1265/2/1257 1267/2/1259 
f 1265/2/1257 1268/2/1260 1267/2/1259 
f 1265/2/1257 1264/2/1256 1268/2/1260 
f 792/2/789 1269/2/1261 795/2/792 
f 792/2/789 1267/2/1259 1269/2/1261 
f 1267/2/1259 1270/2/1262 1269/2/1261 
f 1267/2/1259 1268/2/1260 1270/2/1262 
f 1262/2/1254 759/2/756 1271/2/1263 
f 1262/2/1254 757/2/754 759/2/756 
f 1271/2/1263 764/2/761 1272/2/1264 
f 1271/2/1263 759/2/756 764/2/761 
f 1264/2/1256 1271/2/1263 1268/2/1260 
f 1264/2/1256 1262/2/1254 1271/2/1263 
f 1268/2/1260 1272/2/1264 1270/2/1262 
f 1268/2/1260 1271/2/1263 1272/2/1264 
f 781/2/778 1273/2/1265 779/2/776 
f 781/2/778 1274/2/1266 1273/2/1265 
f 1274/2/1266 1275/2/1267 1273/2/1265 
f 1274/2/1266 1276/2/1268 1275/2/1267 
f 779/2/776 1272/2/1264 764/2/761 
f 779/2/776 1273/2/1265 1272/2/1264 
f 1273/2/1265 1270/2/1262 1272/2/1264 
f 1273/2/1265 1275/2/1267 1270/2/1262 
f 1277/2/794 799/2/796 1278/2/1269 
f 1277/2/794 797/2/794 799/2/796 
f 1278/2/1269 795/2/792 1269/2/1261 
f 1278/2/1269 799/2/796 795/2/792 
f 1276/2/1268 1278/2/1269 1275/2/1267 
f 1276/2/1268 1277/2/794 1278/2/1269 
f 1275/2/1267 1269/2/1261 1270/2/1262 
f 1275/2/1267 1278/2/1269 1269/2/1261 
f 1208/2/1201 1279/2/1270 1280/2/1271 
f 1208/2/1201 1210/2/1203 1279/2/1270 
f 1210/2/1203 1281/2/1272 1279/2/1270 
f 1210/2/1203 1206/2/1199 1281/2/1272 
f 1280/2/1271 1282/2/1273 1283/2/1274 
f 1280/2/1271 1279/2/1270 1282/2/1273 
f 1279/2/1270 1284/2/1275 1282/2/1273 
f 1279/2/1270 1281/2/1272 1284/2/1275 
f 1204/2/1197 739/2/736 1285/2/1276 
f 1204/2/1197 737/2/734 739/2/736 
f 1285/2/1276 744/2/741 1286/2/1277 
f 1285/2/1276 739/2/736 744/2/741 
f 1206/2/1199 1285/2/1276 1281/2/1272 
f 1206/2/1199 1204/2/1197 1285/2/1276 
f 1281/2/1272 1286/2/1277 1284/2/1275 
f 1281/2/1272 1285/2/1276 1286/2/1277 
f 756/2/753 1287/2/1278 754/2/751 
f 756/2/753 1288/2/1279 1287/2/1278 
f 1288/2/1279 1289/2/1280 1287/2/1278 
f 1288/2/1279 1290/2/1281 1289/2/1280 
f 754/2/751 1286/2/1277 744/2/741 
f 754/2/751 1287/2/1278 1286/2/1277 
f 1287/2/1278 1284/2/1275 1286/2/1277 
f 1287/2/1278 1289/2/1280 1284/2/1275 
f 1291/2/1282 1292/2/1283 1293/2/1284 
f 1291/2/1282 1294/2/1285 1292/2/1283 
f 1293/2/1284 1283/2/1274 1282/2/1273 
f 1293/2/1284 1292/2/1283 1283/2/1274 
f 1290/2/1281 1293/2/1284 1289/2/1280 
f 1290/2/1281 1291/2/1282 1293/2/1284 
f 1289/2/1280 1282/2/1273 1284/2/1275 
f 1289/2/1280 1293/2/1284 1282/2/1273 
f 686/2/683 689/2/686 1295/2/1286 
f 686/2/683 1295/2/1286 1296/2/1287 
f 689/2/686 684/2/681 1297/2/1288 
f 689/2/686 1297/2/1288 1295/2/1286 
f 1296/2/1287 1295/2/1286 1298/2/1289 
f 1296/2/1287 1298/2/1289 1299/2/1290 
f 1295/2/1286 1297/2/1288 1300/2/1291 
f 1295/2/1286 1300/2/1291 1298/2/1289 
f 682/2/679 621/2/619 838/2/831 
f 682/2/679 838/2/831 1301/2/1292 
f 1301/2/1292 838/2/831 834/2/827 
f 1301/2/1292 834/2/827 1302/2/1293 
f 684/2/681 682/2/679 1301/2/1292 
f 684/2/681 1301/2/1292 1297/2/1288 
f 1297/2/1288 1301/2/1292 1302/2/1293 
f 1297/2/1288 1302/2/1293 1300/2/1291 
f 601/2/599 657/2/655 1303/2/1294 
f 601/2/599 1303/2/1294 832/2/825 
f 657/2/655 660/2/658 1304/2/1295 
f 657/2/655 1304/2/1295 1303/2/1294 
f 832/2/825 1303/2/1294 1302/2/1293 
f 832/2/825 1302/2/1293 834/2/827 
f 1303/2/1294 1304/2/1295 1300/2/1291 
f 1303/2/1294 1300/2/1291 1302/2/1293 
f 674/2/671 673/2/670 1305/2/1296 
f 674/2/671 1305/2/1296 1306/2/1297 
f 1306/2/1297 1305/2/1296 1299/2/1290 
f 1306/2/1297 1299/2/1290 1298/2/1289 
f 660/2/658 674/2/671 1306/2/1297 
f 660/2/658 1306/2/1297 1304/2/1295 
f 1304/2/1295 1306/2/1297 1298/2/1289 
f 1304/2/1295 1298/2/1289 1300/2/1291 
f 769/2/766 1307/2/1298 1308/2/1299 
f 769/2/766 766/2/763 1307/2/1298 
f 766/2/763 1309/2/1300 1307/2/1298 
f 766/2/763 762/2/759 1309/2/1300 
f 1308/2/1299 1310/2/1301 1311/2/1302 
f 1308/2/1299 1307/2/1298 1310/2/1301 
f 1307/2/1298 1312/2/1303 1310/2/1301 
f 1307/2/1298 1309/2/1300 1312/2/1303 
f 760/2/757 1261/2/1253 1313/2/1304 
f 760/2/757 757/2/754 1261/2/1253 
f 1313/2/1304 1258/2/1250 1314/2/1305 
f 1313/2/1304 1261/2/1253 1258/2/1250 
f 762/2/759 1313/2/1304 1309/2/1300 
f 762/2/759 760/2/757 1313/2/1304 
f 1309/2/1300 1314/2/1305 1312/2/1303 
f 1309/2/1300 1313/2/1304 1314/2/1305 
f 653/2/651 1315/2/1306 1256/2/1248 
f 653/2/651 697/2/694 1315/2/1306 
f 697/2/694 1316/2/1307 1315/2/1306 
f 697/2/694 700/2/697 1316/2/1307 
f 1256/2/1248 1314/2/1305 1258/2/1250 
f 1256/2/1248 1315/2/1306 1314/2/1305 
f 1315/2/1306 1312/2/1303 1314/2/1305 
f 1315/2/1306 1316/2/1307 1312/2/1303 
f 710/2/707 1317/2/1308 1318/2/1309 
f 710/2/707 709/2/706 1317/2/1308 
f 1318/2/1309 1311/2/1302 1310/2/1301 
f 1318/2/1309 1317/2/1308 1311/2/1302 
f 700/2/697 1318/2/1309 1316/2/1307 
f 700/2/697 710/2/707 1318/2/1309 
f 1316/2/1307 1310/2/1301 1312/2/1303 
f 1316/2/1307 1318/2/1309 1310/2/1301 
f 1319/2/1310 1320/2/1311 1321/2/1312 
f 1319/2/1310 1321/2/1312 1322/2/1313 
f 1320/2/1311 1323/2/1314 1324/2/1315 
f 1320/2/1311 1324/2/1315 1321/2/1312 
f 1322/2/1313 1321/2/1312 1325/2/1316 
f 1322/2/1313 1325/2/1316 1326/2/1317 
f 1321/2/1312 1324/2/1315 1327/2/1318 
f 1321/2/1312 1327/2/1318 1325/2/1316 
f 1328/2/1319 1329/2/1320 1330/2/1321 
f 1328/2/1319 1330/2/1321 1331/2/1322 
f 1331/2/1322 1330/2/1321 1332/2/1323 
f 1331/2/1322 1332/2/1323 1333/2/1324 
f 1323/2/1314 1328/2/1319 1331/2/1322 
f 1323/2/1314 1331/2/1322 1324/2/1315 
f 1324/2/1315 1331/2/1322 1333/2/1324 
f 1324/2/1315 1333/2/1324 1327/2/1318 
f 1334/2/1325 1335/2/1326 1336/2/1327 
f 1334/2/1325 1336/2/1327 1337/2/1328 
f 1335/2/1326 1338/2/1329 1339/2/1330 
f 1335/2/1326 1339/2/1330 1336/2/1327 
f 1337/2/1328 1336/2/1327 1333/2/1324 
f 1337/2/1328 1333/2/1324 1332/2/1323 
f 1336/2/1327 1339/2/1330 1327/2/1318 
f 1336/2/1327 1327/2/1318 1333/2/1324 
f 1340/2/1331 1341/2/1332 1342/2/1333 
f 1340/2/1331 1342/2/1333 1343/2/1334 
f 1343/2/1334 1342/2/1333 1326/2/1317 
f 1343/2/1334 1326/2/1317 1325/2/1316 
f 1338/2/1329 1340/2/1331 1343/2/1334 
f 1338/2/1329 1343/2/1334 1339/2/1330 
f 1339/2/1330 1343/2/1334 1325/2/1316 
f 1339/2/1330 1325/2/1316 1327/2/1318 
f 1344/2/1335 1345/2/1336 1346/2/1337 
f 1344/2/1335 1346/2/1337 1347/2/1338 
f 1345/2/1336 1348/2/1339 1349/2/1340 
f 1345/2/1336 1349/2/1340 1346/2/1337 
f 1347/2/1338 1346/2/1337 1350/2/1341 
f 1347/2/1338 1350/2/1341 1351/2/1342 
f 1346/2/1337 1349/2/1340 1352/2/1343 
f 1346/2/1337 1352/2/1343 1350/2/1341 
f 1353/2/1344 1354/2/1345 1355/2/1346 
f 1353/2/1344 1355/2/1346 1356/2/1347 
f 1356/2/1347 1355/2/1346 1357/2/1348 
f 1356/2/1347 1357/2/1348 1358/2/1349 
f 1348/2/1339 1353/2/1344 1356/2/1347 
f 1348/2/1339 1356/2/1347 1349/2/1340 
f 1349/2/1340 1356/2/1347 1358/2/1349 
f 1349/2/1340 1358/2/1349 1352/2/1343 
f 1359/2/1350 1360/2/1351 1361/2/1352 
f 1359/2/1350 1361/2/1352 1362/2/1353 
f 1360/2/1351 1363/2/1354 1364/2/1355 
f 1360/2/1351 1364/2/1355 1361/2/1352 
f 1362/2/1353 1361/2/1352 1358/2/1349 
f 1362/2/1353 1358/2/1349 1357/2/1348 
f 1361/2/1352 1364/2/1355 1352/2/1343 
f 1361/2/1352 1352/2/1343 1358/2/1349 
f 1365/2/1356 1366/2/1357 1367/2/1358 
f 1365/2/1356 1367/2/1358 1368/2/1359 
f 1368/2/1359 1367/2/1358 1351/2/1342 
f 1368/2/1359 1351/2/1342 1350/2/1341 
f 1363/2/1354 1365/2/1356 1368/2/1359 
f 1363/2/1354 1368/2/1359 1364/2/1355 
f 1364/2/1355 1368/2/1359 1350/2/1341 
f 1364/2/1355 1350/2/1341 1352/2/1343 
f 1369/2/1360 1370/2/1361 1371/2/1362 
f 1369/2/1360 1371/2/1362 1372/2/1363 
f 1370/2/1361 1373/2/1364 1374/2/1365 
f 1370/2/1361 1374/2/1365 1371/2/1362 
f 1372/2/1363 1371/2/1362 1375/2/1366 
f 1372/2/1363 1375/2/1366 1376/2/1367 
f 1371/2/1362 1374/2/1365 1377/2/1368 
f 1371/2/1362 1377/2/1368 1375/2/1366 
f 1378/2/1369 1379/2/1370 1380/2/1371 
f 1378/2/1369 1380/2/1371 1381/2/1372 
f 1381/2/1372 1380/2/1371 1382/2/1373 
f 1381/2/1372 1382/2/1373 1383/2/1374 
f 1373/2/1364 1378/2/1369 1381/2/1372 
f 1373/2/1364 1381/2/1372 1374/2/1365 
f 1374/2/1365 1381/2/1372 1383/2/1374 
f 1374/2/1365 1383/2/1374 1377/2/1368 
f 1359/2/1350 1362/2/1353 1384/2/1375 
f 1359/2/1350 1384/2/1375 1385/2/1376 
f 1362/2/1353 1357/2/1348 1386/2/1377 
f 1362/2/1353 1386/2/1377 1384/2/1375 
f 1385/2/1376 1384/2/1375 1383/2/1374 
f 1385/2/1376 1383/2/1374 1382/2/1373 
f 1384/2/1375 1386/2/1377 1377/2/1368 
f 1384/2/1375 1377/2/1368 1383/2/1374 
f 1355/2/1346 1354/2/1345 1387/2/1378 
f 1355/2/1346 1387/2/1378 1388/2/1379 
f 1388/2/1379 1387/2/1378 1376/2/1367 
f 1388/2/1379 1376/2/1367 1375/2/1366 
f 1357/2/1348 1355/2/1346 1388/2/1379 
f 1357/2/1348 1388/2/1379 1386/2/1377 
f 1386/2/1377 1388/2/1379 1375/2/1366 
f 1386/2/1377 1375/2/1366 1377/2/1368 
f 1334/2/1325 1389/2/1380 1390/2/1381 
f 1334/2/1325 1390/2/1381 1335/2/1326 
f 1389/2/1380 1391/2/1382 1392/2/1383 
f 1389/2/1380 1392/2/1383 1390/2/1381 
f 1335/2/1326 1390/2/1381 1393/2/1384 
f 1335/2/1326 1393/2/1384 1338/2/1329 
f 1390/2/1381 1392/2/1383 1394/2/1385 
f 1390/2/1381 1394/2/1385 1393/2/1384 
f 1395/2/1386 673/2/670 672/2/668 
f 1395/2/1386 672/2/668 1396/2/1387 
f 1396/2/1387 672/2/668 670/2/668 
f 1396/2/1387 670/2/668 1397/2/1388 
f 1391/2/1382 1395/2/1386 1396/2/1387 
f 1391/2/1382 1396/2/1387 1392/2/1383 
f 1392/2/1383 1396/2/1387 1397/2/1388 
f 1392/2/1383 1397/2/1388 1394/2/1385 
f 666/2/664 1398/2/1389 1399/2/1390 
f 666/2/664 1399/2/1390 667/2/665 
f 1398/2/1389 1400/2/1391 1401/2/1392 
f 1398/2/1389 1401/2/1392 1399/2/1390 
f 667/2/665 1399/2/1390 1397/2/1388 
f 667/2/665 1397/2/1388 670/2/668 
f 1399/2/1390 1401/2/1392 1394/2/1385 
f 1399/2/1390 1394/2/1385 1397/2/1388 
f 1402/2/1393 1341/2/1332 1340/2/1331 
f 1402/2/1393 1340/2/1331 1403/2/1394 
f 1403/2/1394 1340/2/1331 1338/2/1329 
f 1403/2/1394 1338/2/1329 1393/2/1384 
f 1400/2/1391 1402/2/1393 1403/2/1394 
f 1400/2/1391 1403/2/1394 1401/2/1392 
f 1401/2/1392 1403/2/1394 1393/2/1384 
f 1401/2/1392 1393/2/1384 1394/2/1385 
f 1359/2/1350 1404/2/1395 1405/2/1396 
f 1359/2/1350 1405/2/1396 1360/2/1351 
f 1404/2/1395 1406/2/1397 1407/2/1398 
f 1404/2/1395 1407/2/1398 1405/2/1396 
f 1360/2/1351 1405/2/1396 1408/2/1399 
f 1360/2/1351 1408/2/1399 1363/2/1354 
f 1405/2/1396 1407/2/1398 1409/2/1400 
f 1405/2/1396 1409/2/1400 1408/2/1399 
f 1410/2/1401 693/2/690 692/2/689 
f 1410/2/1401 692/2/689 1411/2/1402 
f 1411/2/1402 692/2/689 690/2/687 
f 1411/2/1402 690/2/687 1412/2/1403 
f 1406/2/1397 1410/2/1401 1411/2/1402 
f 1406/2/1397 1411/2/1402 1407/2/1398 
f 1407/2/1398 1411/2/1402 1412/2/1403 
f 1407/2/1398 1412/2/1403 1409/2/1400 
f 686/2/683 1413/2/1404 1414/2/1405 
f 686/2/683 1414/2/1405 687/2/684 
f 1413/2/1404 1415/2/1406 1416/2/1407 
f 1413/2/1404 1416/2/1407 1414/2/1405 
f 687/2/684 1414/2/1405 1412/2/1403 
f 687/2/684 1412/2/1403 690/2/687 
f 1414/2/1405 1416/2/1407 1409/2/1400 
f 1414/2/1405 1409/2/1400 1412/2/1403 
f 1417/2/1408 1366/2/1357 1365/2/1356 
f 1417/2/1408 1365/2/1356 1418/2/1409 
f 1418/2/1409 1365/2/1356 1363/2/1354 
f 1418/2/1409 1363/2/1354 1408/2/1399 
f 1415/2/1406 1417/2/1408 1418/2/1409 
f 1415/2/1406 1418/2/1409 1416/2/1407 
f 1416/2/1407 1418/2/1409 1408/2/1399 
f 1416/2/1407 1408/2/1399 1409/2/1400 
f 1379/2/1370 1419/2/1410 1420/2/1411 
f 1379/2/1370 1420/2/1411 1380/2/1371 
f 1419/2/1410 1421/2/1412 1422/2/1413 
f 1419/2/1410 1422/2/1413 1420/2/1411 
f 1380/2/1371 1420/2/1411 1423/2/1414 
f 1380/2/1371 1423/2/1414 1382/2/1373 
f 1420/2/1411 1422/2/1413 1424/2/1415 
f 1420/2/1411 1424/2/1415 1423/2/1414 
f 1425/2/1416 709/2/706 708/2/705 
f 1425/2/1416 708/2/705 1426/2/1417 
f 1426/2/1417 708/2/705 706/2/703 
f 1426/2/1417 706/2/703 1427/2/1418 
f 1421/2/1412 1425/2/1416 1426/2/1417 
f 1421/2/1412 1426/2/1417 1422/2/1413 
f 1422/2/1413 1426/2/1417 1427/2/1418 
f 1422/2/1413 1427/2/1418 1424/2/1415 
f 693/2/690 1410/2/1401 1428/2/1419 
f 693/2/690 1428/2/1419 704/2/701 
f 1410/2/1401 1406/2/1397 1429/2/1420 
f 1410/2/1401 1429/2/1420 1428/2/1419 
f 704/2/701 1428/2/1419 1427/2/1418 
f 704/2/701 1427/2/1418 706/2/703 
f 1428/2/1419 1429/2/1420 1424/2/1415 
f 1428/2/1419 1424/2/1415 1427/2/1418 
f 1404/2/1395 1359/2/1350 1385/2/1376 
f 1404/2/1395 1385/2/1376 1430/2/1421 
f 1430/2/1421 1385/2/1376 1382/2/1373 
f 1430/2/1421 1382/2/1373 1423/2/1414 
f 1406/2/1397 1404/2/1395 1430/2/1421 
f 1406/2/1397 1430/2/1421 1429/2/1420 
f 1429/2/1420 1430/2/1421 1423/2/1414 
f 1429/2/1420 1423/2/1414 1424/2/1415 
f 1431/2/1422 1432/2/1423 1433/2/1424 
f 1431/2/1422 1434/2/1425 1432/2/1423 
f 1434/2/1425 1435/2/1426 1432/2/1423 
f 1434/2/1425 1436/2/1427 1435/2/1426 
f 1433/2/1424 1437/2/1428 1438/2/1429 
f 1433/2/1424 1432/2/1423 1437/2/1428 
f 1432/2/1423 1439/2/1430 1437/2/1428 
f 1432/2/1423 1435/2/1426 1439/2/1430 
f 1440/2/1431 1441/2/1432 1442/2/1433 
f 1440/2/1431 1443/2/1434 1441/2/1432 
f 1442/2/1433 1444/2/1435 1445/2/1436 
f 1442/2/1433 1441/2/1432 1444/2/1435 
f 1436/2/1427 1442/2/1433 1435/2/1426 
f 1436/2/1427 1440/2/1431 1442/2/1433 
f 1435/2/1426 1445/2/1436 1439/2/1430 
f 1435/2/1426 1442/2/1433 1445/2/1436 
f 772/2/769 1446/2/1437 1447/2/1438 
f 772/2/769 774/2/771 1446/2/1437 
f 774/2/771 1448/2/1439 1446/2/1437 
f 774/2/771 770/2/767 1448/2/1439 
f 1447/2/1438 1445/2/1436 1444/2/1435 
f 1447/2/1438 1446/2/1437 1445/2/1436 
f 1446/2/1437 1439/2/1430 1445/2/1436 
f 1446/2/1437 1448/2/1439 1439/2/1430 
f 767/2/764 1449/2/1440 1450/2/1441 
f 767/2/764 769/2/766 1449/2/1440 
f 1450/2/1441 1438/2/1429 1437/2/1428 
f 1450/2/1441 1449/2/1440 1438/2/1429 
f 770/2/767 1450/2/1441 1448/2/1439 
f 770/2/767 767/2/764 1450/2/1441 
f 1448/2/1439 1437/2/1428 1439/2/1430 
f 1448/2/1439 1450/2/1441 1437/2/1428 
# 0 polygons - 1584 triangles

